worker_id,name,mobile,ac_code,ac_name,assigned_booth_part,tier,active
W00001,Worker-1,9857407910,1501,Jlp-1501,,BLA,True
W00002,Worker-2,9818269122,1501,Jlp-1501,,Supervisor,True
W00003,Worker-3,9828082764,1501,Jlp-1501,,Supervisor,True
W00004,Worker-4,9824718232,1501,Jlp-1501,,BLO,True
W00005,Worker-5,9893823698,1501,Jlp-1501,,BLA,True
W00006,Worker-6,9820430446,1501,Jlp-1501,,Volunteer,True
W00007,Worker-7,9816877392,1501,Jlp-1501,,BLA,True
W00008,Worker-8,9817701380,1501,Jlp-1501,,BLA,True
W00009,Worker-9,9847432021,1501,Jlp-1501,,Volunteer,True
W00010,Worker-10,9841459654,1501,Jlp-1501,,BLA,True
W00011,Worker-11,9866121387,1501,Jlp-1501,,BLA,True
W00012,Worker-12,9846936672,1501,Jlp-1501,,BLO,True
W00013,Worker-13,9872540458,1501,Jlp-1501,,BLO,True
W00014,Worker-14,9873606404,1501,Jlp-1501,,BLO,True
W00015,Worker-15,9810102641,1501,Jlp-1501,,BLA,True
W00016,Worker-16,9822101447,1501,Jlp-1501,,Volunteer,True
W00017,Worker-17,9850387499,1501,Jlp-1501,,BLA,True
W00018,Worker-18,9856736815,1501,Jlp-1501,,BLO,True
W00019,Worker-19,9829688295,1501,Jlp-1501,,Supervisor,True
W00020,Worker-20,9848122556,1501,Jlp-1501,,Supervisor,True
W00021,Worker-21,9817700750,1501,Jlp-1501,,Supervisor,True
W00022,Worker-22,9888103186,1501,Jlp-1501,,Volunteer,True
W00023,Worker-23,9820087271,1501,Jlp-1501,,Volunteer,True
W00024,Worker-24,9820964636,1501,Jlp-1501,,BLO,True
W00025,Worker-25,9867832084,1501,Jlp-1501,,Supervisor,True
W00026,Worker-26,9815865620,1501,Jlp-1501,,BLO,True
W00027,Worker-27,9849797121,1501,Jlp-1501,,Supervisor,True
W00028,Worker-28,9863917917,1501,Jlp-1501,,BLO,True
W00029,Worker-29,9862653002,1501,Jlp-1501,,BLA,True
W00030,Worker-30,9834979487,1501,Jlp-1501,,BLA,True
W00031,Worker-31,9846032254,1501,Jlp-1501,,Volunteer,True
W00032,Worker-32,9873300447,1501,Jlp-1501,,Volunteer,True
W00033,Worker-33,9817696948,1501,Jlp-1501,,BLO,True
W00034,Worker-34,9848788403,1501,Jlp-1501,,BLO,True
W00035,Worker-35,9848847645,1501,Jlp-1501,,Supervisor,True
W00036,Worker-36,9830293947,1501,Jlp-1501,,BLA,True
W00037,Worker-37,9842161090,1501,Jlp-1501,,Volunteer,True
W00038,Worker-38,9881256305,1501,Jlp-1501,,BLA,True
W00039,Worker-39,9873338573,1501,Jlp-1501,,Supervisor,True
W00040,Worker-40,9811806088,1501,Jlp-1501,,Supervisor,True
W00041,Worker-41,9849763548,1501,Jlp-1501,,BLA,True
W00042,Worker-42,9836893127,1501,Jlp-1501,,BLA,True
W00043,Worker-43,9866188000,1501,Jlp-1501,,BLA,True
W00044,Worker-44,9873299670,1501,Jlp-1501,,Supervisor,True
W00045,Worker-45,9869990662,1501,Jlp-1501,,Supervisor,True
W00046,Worker-46,9821026455,1501,Jlp-1501,,Volunteer,True
W00047,Worker-47,9857278355,1501,Jlp-1501,,BLO,True
W00048,Worker-48,9810843903,1501,Jlp-1501,,Supervisor,True
W00049,Worker-49,9837067525,1501,Jlp-1501,,BLA,True
W00050,Worker-50,9828152046,1501,Jlp-1501,,Supervisor,True
W00051,Worker-51,9885818378,1501,Jlp-1501,,BLO,True
W00052,Worker-52,9870997900,1501,Jlp-1501,,BLA,True
W00053,Worker-53,9822435397,1501,Jlp-1501,,Volunteer,True
W00054,Worker-54,9831271679,1501,Jlp-1501,,BLA,True
W00055,Worker-55,9816983303,1501,Jlp-1501,,BLA,True
W00056,Worker-56,9888171186,1501,Jlp-1501,,BLO,True
W00057,Worker-57,9892394662,1501,Jlp-1501,,BLA,True
W00058,Worker-58,9890512454,1501,Jlp-1501,,BLO,True
W00059,Worker-59,9837071905,1501,Jlp-1501,,BLA,True
W00060,Worker-60,9828680026,1501,Jlp-1501,,Supervisor,True
W00061,Worker-61,9821024681,1501,Jlp-1501,,BLO,True
W00062,Worker-62,9877560545,1501,Jlp-1501,,BLA,True
W00063,Worker-63,9876542018,1501,Jlp-1501,,BLO,True
W00064,Worker-64,9847697908,1501,Jlp-1501,,Supervisor,True
W00065,Worker-65,9872815625,1501,Jlp-1501,,BLA,True
W00066,Worker-66,9839412785,1502,Jlp-1502,,BLO,True
W00067,Worker-67,9896526348,1502,Jlp-1502,,Volunteer,True
W00068,Worker-68,9869268588,1502,Jlp-1502,,Volunteer,True
W00069,Worker-69,9861430055,1502,Jlp-1502,,BLO,True
W00070,Worker-70,9860528209,1502,Jlp-1502,,BLA,True
W00071,Worker-71,9875710896,1502,Jlp-1502,,Volunteer,True
W00072,Worker-72,9824336842,1502,Jlp-1502,,BLA,True
W00073,Worker-73,9840300923,1502,Jlp-1502,,BLO,True
W00074,Worker-74,9841936620,1502,Jlp-1502,,BLO,True
W00075,Worker-75,9899538969,1502,Jlp-1502,,BLO,True
W00076,Worker-76,9899225212,1502,Jlp-1502,,BLO,True
W00077,Worker-77,9880137566,1502,Jlp-1502,,Supervisor,True
W00078,Worker-78,9839211082,1502,Jlp-1502,,Supervisor,True
W00079,Worker-79,9858771142,1502,Jlp-1502,,BLO,True
W00080,Worker-80,9829272791,1502,Jlp-1502,,Volunteer,True
W00081,Worker-81,9829043690,1502,Jlp-1502,,BLO,True
W00082,Worker-82,9838823008,1502,Jlp-1502,,Supervisor,True
W00083,Worker-83,9893237766,1502,Jlp-1502,,Supervisor,True
W00084,Worker-84,9834903831,1502,Jlp-1502,,BLA,True
W00085,Worker-85,9852409691,1502,Jlp-1502,,Volunteer,True
W00086,Worker-86,9883552700,1502,Jlp-1502,,BLA,True
W00087,Worker-87,9873636358,1502,Jlp-1502,,Supervisor,True
W00088,Worker-88,9813443608,1502,Jlp-1502,,BLO,True
W00089,Worker-89,9836566382,1502,Jlp-1502,,BLA,True
W00090,Worker-90,9824783114,1502,Jlp-1502,,BLA,True
W00091,Worker-91,9859019478,1502,Jlp-1502,,Supervisor,True
W00092,Worker-92,9871793470,1502,Jlp-1502,,Volunteer,True
W00093,Worker-93,9880661109,1502,Jlp-1502,,Volunteer,True
W00094,Worker-94,9896403094,1502,Jlp-1502,,Volunteer,True
W00095,Worker-95,9838504381,1502,Jlp-1502,,Volunteer,True
W00096,Worker-96,9851133147,1502,Jlp-1502,,BLO,True
W00097,Worker-97,9826746708,1502,Jlp-1502,,Volunteer,True
W00098,Worker-98,9824538567,1502,Jlp-1502,,Volunteer,True
W00099,Worker-99,9869542358,1502,Jlp-1502,,BLA,True
W00100,Worker-100,9814167641,1502,Jlp-1502,,Volunteer,True
W00101,Worker-101,9852340514,1502,Jlp-1502,,BLO,True
W00102,Worker-102,9845835301,1502,Jlp-1502,,Supervisor,True
W00103,Worker-103,9815378901,1502,Jlp-1502,,Volunteer,True
W00104,Worker-104,9889819678,1502,Jlp-1502,,Volunteer,True
W00105,Worker-105,9827768128,1502,Jlp-1502,,BLO,True
W00106,Worker-106,9863603124,1502,Jlp-1502,,BLA,True
W00107,Worker-107,9850121765,1502,Jlp-1502,,BLA,True
W00108,Worker-108,9836518316,1502,Jlp-1502,,BLO,True
W00109,Worker-109,9895696140,1502,Jlp-1502,,Supervisor,True
W00110,Worker-110,9821776050,1502,Jlp-1502,,Volunteer,True
W00111,Worker-111,9823941178,1502,Jlp-1502,,Volunteer,True
W00112,Worker-112,9852913073,1502,Jlp-1502,,BLO,True
W00113,Worker-113,9826149378,1502,Jlp-1502,,Volunteer,True
W00114,Worker-114,9818089322,1502,Jlp-1502,,BLO,True
W00115,Worker-115,9827868604,1502,Jlp-1502,,Volunteer,True
W00116,Worker-116,9837461711,1502,Jlp-1502,,Supervisor,True
W00117,Worker-117,9820874176,1502,Jlp-1502,,Supervisor,True
W00118,Worker-118,9853615589,1502,Jlp-1502,,BLA,True
W00119,Worker-119,9872235170,1502,Jlp-1502,,Supervisor,True
W00120,Worker-120,9821536263,1502,Jlp-1502,,BLO,True
W00121,Worker-121,9897379373,1502,Jlp-1502,,Volunteer,True
W00122,Worker-122,9831258527,1502,Jlp-1502,,BLO,True
W00123,Worker-123,9886995414,1502,Jlp-1502,,BLA,True
W00124,Worker-124,9882670502,1502,Jlp-1502,,Supervisor,True
W00125,Worker-125,9871238686,1502,Jlp-1502,,BLA,True
W00126,Worker-126,9835383284,1502,Jlp-1502,,Supervisor,True
W00127,Worker-127,9827511711,1502,Jlp-1502,,BLA,True
W00128,Worker-128,9818391203,1502,Jlp-1502,,BLA,True
W00129,Worker-129,9890671605,1502,Jlp-1502,,Supervisor,True
W00130,Worker-130,9836776842,1502,Jlp-1502,,BLO,True
W00131,Worker-131,9819742379,1502,Jlp-1502,,BLA,True
W00132,Worker-132,9863997016,1502,Jlp-1502,,BLO,True
W00133,Worker-133,9845208729,1502,Jlp-1502,,BLO,True
W00134,Worker-134,9827400724,1502,Jlp-1502,,BLA,True
W00135,Worker-135,9826308662,1502,Jlp-1502,,Supervisor,True
W00136,Worker-136,9876646012,1502,Jlp-1502,,Supervisor,True
W00137,Worker-137,9834589603,1502,Jlp-1502,,Volunteer,True
W00138,Worker-138,9879721169,1503,Jlp-1503,,Volunteer,True
W00139,Worker-139,9890748331,1503,Jlp-1503,,BLO,True
W00140,Worker-140,9845022084,1503,Jlp-1503,,BLO,True
W00141,Worker-141,9883870849,1503,Jlp-1503,,Volunteer,True
W00142,Worker-142,9889089525,1503,Jlp-1503,,Supervisor,True
W00143,Worker-143,9894606793,1503,Jlp-1503,,Supervisor,True
W00144,Worker-144,9829288316,1503,Jlp-1503,,Supervisor,True
W00145,Worker-145,9837584124,1503,Jlp-1503,,Supervisor,True
W00146,Worker-146,9889467450,1503,Jlp-1503,,Volunteer,True
W00147,Worker-147,9856787195,1503,Jlp-1503,,Volunteer,True
W00148,Worker-148,9855669240,1503,Jlp-1503,,Volunteer,True
W00149,Worker-149,9841638882,1503,Jlp-1503,,BLA,True
W00150,Worker-150,9875601338,1503,Jlp-1503,,Supervisor,True
W00151,Worker-151,9840343893,1503,Jlp-1503,,Supervisor,True
W00152,Worker-152,9862053244,1503,Jlp-1503,,Supervisor,True
W00153,Worker-153,9825890069,1503,Jlp-1503,,BLA,True
W00154,Worker-154,9877215062,1503,Jlp-1503,,BLO,True
W00155,Worker-155,9861515051,1503,Jlp-1503,,Volunteer,True
W00156,Worker-156,9895010167,1503,Jlp-1503,,Supervisor,True
W00157,Worker-157,9812435647,1503,Jlp-1503,,BLO,True
W00158,Worker-158,9822936605,1503,Jlp-1503,,Supervisor,True
W00159,Worker-159,9832963465,1503,Jlp-1503,,BLO,True
W00160,Worker-160,9869374176,1503,Jlp-1503,,BLO,True
W00161,Worker-161,9866837592,1503,Jlp-1503,,Supervisor,True
W00162,Worker-162,9814673131,1503,Jlp-1503,,Volunteer,True
W00163,Worker-163,9898521966,1503,Jlp-1503,,BLO,True
W00164,Worker-164,9869512145,1503,Jlp-1503,,Supervisor,True
W00165,Worker-165,9828839700,1503,Jlp-1503,,Volunteer,True
W00166,Worker-166,9853353128,1503,Jlp-1503,,BLA,True
W00167,Worker-167,9898864326,1503,Jlp-1503,,Supervisor,True
W00168,Worker-168,9858389144,1503,Jlp-1503,,BLA,True
W00169,Worker-169,9862012046,1503,Jlp-1503,,BLO,True
W00170,Worker-170,9813942921,1503,Jlp-1503,,BLO,True
W00171,Worker-171,9864936112,1503,Jlp-1503,,BLA,True
W00172,Worker-172,9886564447,1503,Jlp-1503,,Supervisor,True
W00173,Worker-173,9877861496,1503,Jlp-1503,,Volunteer,True
W00174,Worker-174,9898440222,1503,Jlp-1503,,BLA,True
W00175,Worker-175,9856011310,1503,Jlp-1503,,BLA,True
W00176,Worker-176,9829562564,1503,Jlp-1503,,BLO,True
W00177,Worker-177,9870603238,1503,Jlp-1503,,Volunteer,True
W00178,Worker-178,9848279758,1503,Jlp-1503,,Supervisor,True
W00179,Worker-179,9836529570,1503,Jlp-1503,,Volunteer,True
W00180,Worker-180,9826257069,1503,Jlp-1503,,BLO,True
W00181,Worker-181,9833235628,1503,Jlp-1503,,Supervisor,True
W00182,Worker-182,9892147432,1503,Jlp-1503,,BLO,True
W00183,Worker-183,9842478072,1503,Jlp-1503,,Volunteer,True
W00184,Worker-184,9849535888,1503,Jlp-1503,,Volunteer,True
W00185,Worker-185,9870239683,1503,Jlp-1503,,Supervisor,True
W00186,Worker-186,9893047634,1503,Jlp-1503,,Supervisor,True
W00187,Worker-187,9848634295,1503,Jlp-1503,,BLO,True
W00188,Worker-188,9882813374,1503,Jlp-1503,,Volunteer,True
W00189,Worker-189,9820427386,1503,Jlp-1503,,Volunteer,True
W00190,Worker-190,9839444252,1503,Jlp-1503,,BLA,True
W00191,Worker-191,9810288879,1503,Jlp-1503,,BLA,True
W00192,Worker-192,9836503961,1503,Jlp-1503,,BLA,True
W00193,Worker-193,9880951611,1503,Jlp-1503,,Supervisor,True
W00194,Worker-194,9836588003,1503,Jlp-1503,,BLO,True
W00195,Worker-195,9836902385,1503,Jlp-1503,,Supervisor,True
W00196,Worker-196,9883808362,1503,Jlp-1503,,Supervisor,True
W00197,Worker-197,9851240084,1503,Jlp-1503,,Volunteer,True
W00198,Worker-198,9836101129,1503,Jlp-1503,,BLA,True
W00199,Worker-199,9873610725,1503,Jlp-1503,,BLO,True
W00200,Worker-200,9888779769,1503,Jlp-1503,,BLA,True
W00201,Worker-201,9854169128,1503,Jlp-1503,,BLO,True
W00202,Worker-202,9837068275,1503,Jlp-1503,,Supervisor,True
W00203,Worker-203,9819997184,1503,Jlp-1503,,BLO,True
W00204,Worker-204,9825624843,1503,Jlp-1503,,Supervisor,True
W00205,Worker-205,9894583844,1503,Jlp-1503,,Supervisor,True
W00206,Worker-206,9870919118,1503,Jlp-1503,,BLA,True
W00207,Worker-207,9836642794,1503,Jlp-1503,,BLA,True
W00208,Worker-208,9827170570,1503,Jlp-1503,,BLA,True
W00209,Worker-209,9860736840,1503,Jlp-1503,,Volunteer,True
W00210,Worker-210,9818121012,1503,Jlp-1503,,Volunteer,True
W00211,Worker-211,9830450192,1503,Jlp-1503,,BLO,True
W00212,Worker-212,9832543000,1503,Jlp-1503,,Volunteer,True
W00213,Worker-213,9821483590,1503,Jlp-1503,,BLO,True
W00214,Worker-214,9863348594,1503,Jlp-1503,,Supervisor,True
W00215,Worker-215,9855571351,1503,Jlp-1503,,BLA,True
W00216,Worker-216,9853991921,1503,Jlp-1503,,Volunteer,True
W00217,Worker-217,9889617591,1503,Jlp-1503,,BLO,True
W00218,Worker-218,9839954719,1503,Jlp-1503,,Volunteer,True
W00219,Worker-219,9869320863,1503,Jlp-1503,,BLO,True
W00220,Worker-220,9835260554,1503,Jlp-1503,,Volunteer,True
W00221,Worker-221,9861785142,1503,Jlp-1503,,Supervisor,True
W00222,Worker-222,9887756597,1503,Jlp-1503,,BLA,True
W00223,Worker-223,9873351502,1503,Jlp-1503,,BLA,True
W00224,Worker-224,9844114520,1503,Jlp-1503,,BLA,True
W00225,Worker-225,9828260216,1503,Jlp-1503,,Supervisor,True
W00226,Worker-226,9832346899,1503,Jlp-1503,,BLO,True
W00227,Worker-227,9858384965,1504,Jlp-1504,,Supervisor,True
W00228,Worker-228,9848546630,1504,Jlp-1504,,Supervisor,True
W00229,Worker-229,9839270472,1504,Jlp-1504,,Volunteer,True
W00230,Worker-230,9851840223,1504,Jlp-1504,,BLA,True
W00231,Worker-231,9843286038,1504,Jlp-1504,,Supervisor,True
W00232,Worker-232,9885098006,1504,Jlp-1504,,Volunteer,True
W00233,Worker-233,9838845274,1504,Jlp-1504,,BLO,True
W00234,Worker-234,9819897068,1504,Jlp-1504,,Volunteer,True
W00235,Worker-235,9831670240,1504,Jlp-1504,,Volunteer,True
W00236,Worker-236,9832107434,1504,Jlp-1504,,BLA,True
W00237,Worker-237,9877760219,1504,Jlp-1504,,Volunteer,True
W00238,Worker-238,9811951966,1504,Jlp-1504,,Supervisor,True
W00239,Worker-239,9896935128,1504,Jlp-1504,,BLO,True
W00240,Worker-240,9816644969,1504,Jlp-1504,,Volunteer,True
W00241,Worker-241,9878394926,1504,Jlp-1504,,Supervisor,True
W00242,Worker-242,9895297281,1504,Jlp-1504,,Supervisor,True
W00243,Worker-243,9830489408,1504,Jlp-1504,,Supervisor,True
W00244,Worker-244,9865950124,1504,Jlp-1504,,BLO,True
W00245,Worker-245,9812484606,1504,Jlp-1504,,BLO,True
W00246,Worker-246,9855862141,1504,Jlp-1504,,Supervisor,True
W00247,Worker-247,9842126052,1504,Jlp-1504,,BLO,True
W00248,Worker-248,9848319741,1504,Jlp-1504,,Volunteer,True
W00249,Worker-249,9829642154,1504,Jlp-1504,,Volunteer,True
W00250,Worker-250,9863877824,1504,Jlp-1504,,Volunteer,True
W00251,Worker-251,9816212171,1504,Jlp-1504,,Supervisor,True
W00252,Worker-252,9837382731,1504,Jlp-1504,,Supervisor,True
W00253,Worker-253,9812896606,1504,Jlp-1504,,BLO,True
W00254,Worker-254,9812156180,1504,Jlp-1504,,Supervisor,True
W00255,Worker-255,9885237044,1504,Jlp-1504,,Supervisor,True
W00256,Worker-256,9853313752,1504,Jlp-1504,,BLO,True
W00257,Worker-257,9847438004,1504,Jlp-1504,,BLA,True
W00258,Worker-258,9842772052,1504,Jlp-1504,,Volunteer,True
W00259,Worker-259,9883326225,1504,Jlp-1504,,BLA,True
W00260,Worker-260,9891645607,1504,Jlp-1504,,Volunteer,True
W00261,Worker-261,9831501726,1504,Jlp-1504,,BLA,True
W00262,Worker-262,9860267180,1504,Jlp-1504,,Supervisor,True
W00263,Worker-263,9864140984,1504,Jlp-1504,,Supervisor,True
W00264,Worker-264,9852470084,1504,Jlp-1504,,BLA,True
W00265,Worker-265,9859754811,1504,Jlp-1504,,BLA,True
W00266,Worker-266,9835543055,1504,Jlp-1504,,Volunteer,True
W00267,Worker-267,9820431630,1504,Jlp-1504,,Supervisor,True
W00268,Worker-268,9811363573,1504,Jlp-1504,,BLA,True
W00269,Worker-269,9831834384,1504,Jlp-1504,,BLA,True
W00270,Worker-270,9865576734,1504,Jlp-1504,,Volunteer,True
W00271,Worker-271,9889097695,1504,Jlp-1504,,Volunteer,True
W00272,Worker-272,9880764770,1504,Jlp-1504,,BLA,True
W00273,Worker-273,9876927913,1504,Jlp-1504,,Supervisor,True
W00274,Worker-274,9890811048,1504,Jlp-1504,,Supervisor,True
W00275,Worker-275,9897994660,1504,Jlp-1504,,Volunteer,True
W00276,Worker-276,9818535250,1504,Jlp-1504,,Supervisor,True
W00277,Worker-277,9874267120,1504,Jlp-1504,,Supervisor,True
W00278,Worker-278,9865620085,1504,Jlp-1504,,Supervisor,True
W00279,Worker-279,9893801770,1504,Jlp-1504,,Volunteer,True
W00280,Worker-280,9868972365,1504,Jlp-1504,,BLA,True
W00281,Worker-281,9823174467,1504,Jlp-1504,,BLA,True
W00282,Worker-282,9840514581,1504,Jlp-1504,,Volunteer,True
W00283,Worker-283,9839634814,1504,Jlp-1504,,BLO,True
W00284,Worker-284,9837363666,1504,Jlp-1504,,BLA,True
W00285,Worker-285,9822409311,1504,Jlp-1504,,BLA,True
W00286,Worker-286,9898335662,1504,Jlp-1504,,Volunteer,True
W00287,Worker-287,9854996828,1504,Jlp-1504,,Supervisor,True
W00288,Worker-288,9821439196,1504,Jlp-1504,,BLA,True
W00289,Worker-289,9830689530,1504,Jlp-1504,,Supervisor,True
W00290,Worker-290,9818594317,1504,Jlp-1504,,Supervisor,True
W00291,Worker-291,9825500640,1504,Jlp-1504,,Supervisor,True
W00292,Worker-292,9828334840,1504,Jlp-1504,,BLA,True
W00293,Worker-293,9872165600,1504,Jlp-1504,,BLA,True
W00294,Worker-294,9842080924,1504,Jlp-1504,,Volunteer,True
W00295,Worker-295,9854581072,1504,Jlp-1504,,Volunteer,True
W00296,Worker-296,9831412119,1504,Jlp-1504,,Supervisor,True
W00297,Worker-297,9837351990,1504,Jlp-1504,,Supervisor,True
W00298,Worker-298,9838822336,1504,Jlp-1504,,BLA,True
W00299,Worker-299,9834932590,1504,Jlp-1504,,Supervisor,True
W00300,Worker-300,9845868119,1504,Jlp-1504,,Supervisor,True
W00301,Worker-301,9874053789,1504,Jlp-1504,,Supervisor,True
W00302,Worker-302,9811739199,1504,Jlp-1504,,Supervisor,True
W00303,Worker-303,9842281091,1504,Jlp-1504,,Supervisor,True
W00304,Worker-304,9854411055,1504,Jlp-1504,,Supervisor,True
W00305,Worker-305,9870900913,1504,Jlp-1504,,Supervisor,True
W00306,Worker-306,9885672690,1504,Jlp-1504,,Supervisor,True
W00307,Worker-307,9867144723,1504,Jlp-1504,,BLO,True
W00308,Worker-308,9867228329,1504,Jlp-1504,,Volunteer,True
W00309,Worker-309,9821006075,1504,Jlp-1504,,BLO,True
W00310,Worker-310,9820731847,1504,Jlp-1504,,Supervisor,True
W00311,Worker-311,9821141044,1504,Jlp-1504,,Supervisor,True
W00312,Worker-312,9878341054,1505,Jlp-1505,,Volunteer,True
W00313,Worker-313,9862586314,1505,Jlp-1505,,Supervisor,True
W00314,Worker-314,9884801128,1505,Jlp-1505,,Volunteer,True
W00315,Worker-315,9870616688,1505,Jlp-1505,,BLO,True
W00316,Worker-316,9829966922,1505,Jlp-1505,,Supervisor,True
W00317,Worker-317,9834927946,1505,Jlp-1505,,Supervisor,True
W00318,Worker-318,9840764971,1505,Jlp-1505,,BLA,True
W00319,Worker-319,9866308504,1505,Jlp-1505,,BLA,True
W00320,Worker-320,9898138885,1505,Jlp-1505,,BLO,True
W00321,Worker-321,9829398719,1505,Jlp-1505,,BLO,True
W00322,Worker-322,9820916355,1505,Jlp-1505,,BLA,True
W00323,Worker-323,9830326749,1505,Jlp-1505,,BLA,True
W00324,Worker-324,9856729960,1505,Jlp-1505,,Supervisor,True
W00325,Worker-325,9817019655,1505,Jlp-1505,,Volunteer,True
W00326,Worker-326,9851649752,1505,Jlp-1505,,Volunteer,True
W00327,Worker-327,9832852339,1505,Jlp-1505,,BLA,True
W00328,Worker-328,9875525793,1505,Jlp-1505,,Volunteer,True
W00329,Worker-329,9847033202,1505,Jlp-1505,,BLO,True
W00330,Worker-330,9819055820,1505,Jlp-1505,,Volunteer,True
W00331,Worker-331,9880475281,1505,Jlp-1505,,BLA,True
W00332,Worker-332,9854183156,1505,Jlp-1505,,Volunteer,True
W00333,Worker-333,9862651207,1505,Jlp-1505,,Volunteer,True
W00334,Worker-334,9825195305,1505,Jlp-1505,,Supervisor,True
W00335,Worker-335,9873894238,1505,Jlp-1505,,Volunteer,True
W00336,Worker-336,9823174609,1505,Jlp-1505,,Volunteer,True
W00337,Worker-337,9876430476,1505,Jlp-1505,,BLA,True
W00338,Worker-338,9899870281,1505,Jlp-1505,,Supervisor,True
W00339,Worker-339,9818649560,1505,Jlp-1505,,Volunteer,True
W00340,Worker-340,9842570375,1505,Jlp-1505,,Supervisor,True
W00341,Worker-341,9886518455,1505,Jlp-1505,,Volunteer,True
W00342,Worker-342,9818670428,1505,Jlp-1505,,BLA,True
W00343,Worker-343,9825362448,1505,Jlp-1505,,Supervisor,True
W00344,Worker-344,9868894864,1505,Jlp-1505,,BLO,True
W00345,Worker-345,9881455865,1505,Jlp-1505,,Volunteer,True
W00346,Worker-346,9853494495,1505,Jlp-1505,,BLO,True
W00347,Worker-347,9841849928,1505,Jlp-1505,,BLA,True
W00348,Worker-348,9892006909,1505,Jlp-1505,,BLA,True
W00349,Worker-349,9889957150,1505,Jlp-1505,,BLA,True
W00350,Worker-350,9841197907,1505,Jlp-1505,,Supervisor,True
W00351,Worker-351,9853639030,1505,Jlp-1505,,Supervisor,True
W00352,Worker-352,9845502984,1505,Jlp-1505,,Volunteer,True
W00353,Worker-353,9831368491,1505,Jlp-1505,,Volunteer,True
W00354,Worker-354,9839481034,1505,Jlp-1505,,Volunteer,True
W00355,Worker-355,9883195082,1505,Jlp-1505,,BLA,True
W00356,Worker-356,9894131698,1505,Jlp-1505,,Supervisor,True
W00357,Worker-357,9882476050,1505,Jlp-1505,,Volunteer,True
W00358,Worker-358,9856440107,1505,Jlp-1505,,Supervisor,True
W00359,Worker-359,9884354681,1505,Jlp-1505,,Supervisor,True
W00360,Worker-360,9826696906,1505,Jlp-1505,,Supervisor,True
W00361,Worker-361,9830941013,1505,Jlp-1505,,Supervisor,True
W00362,Worker-362,9850788829,1505,Jlp-1505,,Supervisor,True
W00363,Worker-363,9839978304,1505,Jlp-1505,,BLO,True
W00364,Worker-364,9882033525,1505,Jlp-1505,,Supervisor,True
W00365,Worker-365,9879239494,1505,Jlp-1505,,Volunteer,True
W00366,Worker-366,9844791603,1505,Jlp-1505,,Volunteer,True
W00367,Worker-367,9843852768,1505,Jlp-1505,,BLO,True
W00368,Worker-368,9859763598,1505,Jlp-1505,,Volunteer,True
W00369,Worker-369,9871962250,1505,Jlp-1505,,Supervisor,True
W00370,Worker-370,9860913463,1505,Jlp-1505,,BLA,True
W00371,Worker-371,9830811313,1505,Jlp-1505,,BLA,True
W00372,Worker-372,9860077419,1505,Jlp-1505,,BLO,True
W00373,Worker-373,9886698633,1505,Jlp-1505,,Volunteer,True
W00374,Worker-374,9867800411,1506,Jlp-1506,,Supervisor,True
W00375,Worker-375,9855791004,1506,Jlp-1506,,Volunteer,True
W00376,Worker-376,9823638571,1506,Jlp-1506,,BLO,True
W00377,Worker-377,9865563390,1506,Jlp-1506,,Supervisor,True
W00378,Worker-378,9818918077,1506,Jlp-1506,,Volunteer,True
W00379,Worker-379,9885986278,1506,Jlp-1506,,BLO,True
W00380,Worker-380,9868712976,1506,Jlp-1506,,BLA,True
W00381,Worker-381,9813626936,1506,Jlp-1506,,Supervisor,True
W00382,Worker-382,9879997933,1506,Jlp-1506,,BLA,True
W00383,Worker-383,9873490556,1506,Jlp-1506,,BLO,True
W00384,Worker-384,9813029130,1506,Jlp-1506,,Volunteer,True
W00385,Worker-385,9886846488,1506,Jlp-1506,,BLA,True
W00386,Worker-386,9877889335,1506,Jlp-1506,,Volunteer,True
W00387,Worker-387,9828871385,1506,Jlp-1506,,BLA,True
W00388,Worker-388,9858634905,1506,Jlp-1506,,Supervisor,True
W00389,Worker-389,9857280858,1506,Jlp-1506,,BLO,True
W00390,Worker-390,9834982796,1506,Jlp-1506,,BLA,True
W00391,Worker-391,9826915177,1506,Jlp-1506,,BLA,True
W00392,Worker-392,9868724558,1506,Jlp-1506,,Supervisor,True
W00393,Worker-393,9827911778,1506,Jlp-1506,,BLO,True
W00394,Worker-394,9890012736,1506,Jlp-1506,,Supervisor,True
W00395,Worker-395,9823816966,1506,Jlp-1506,,Supervisor,True
W00396,Worker-396,9899148371,1506,Jlp-1506,,Supervisor,True
W00397,Worker-397,9846914176,1506,Jlp-1506,,Volunteer,True
W00398,Worker-398,9835642199,1506,Jlp-1506,,BLO,True
W00399,Worker-399,9860550132,1506,Jlp-1506,,BLA,True
W00400,Worker-400,9843690510,1506,Jlp-1506,,Volunteer,True
W00401,Worker-401,9846009907,1506,Jlp-1506,,Volunteer,True
W00402,Worker-402,9892601256,1506,Jlp-1506,,BLA,True
W00403,Worker-403,9897264206,1506,Jlp-1506,,Volunteer,True
W00404,Worker-404,9861537781,1506,Jlp-1506,,Supervisor,True
W00405,Worker-405,9885150594,1506,Jlp-1506,,BLO,True
W00406,Worker-406,9863346371,1506,Jlp-1506,,BLO,True
W00407,Worker-407,9834626225,1506,Jlp-1506,,BLO,True
W00408,Worker-408,9820229000,1506,Jlp-1506,,Supervisor,True
W00409,Worker-409,9871605890,1506,Jlp-1506,,Supervisor,True
W00410,Worker-410,9894525350,1506,Jlp-1506,,BLO,True
W00411,Worker-411,9883283958,1506,Jlp-1506,,Supervisor,True
W00412,Worker-412,9832235535,1506,Jlp-1506,,Volunteer,True
W00413,Worker-413,9820407753,1506,Jlp-1506,,BLA,True
W00414,Worker-414,9865364464,1506,Jlp-1506,,BLA,True
W00415,Worker-415,9856128643,1506,Jlp-1506,,Volunteer,True
W00416,Worker-416,9857171725,1506,Jlp-1506,,BLA,True
W00417,Worker-417,9899656505,1506,Jlp-1506,,Supervisor,True
W00418,Worker-418,9886795446,1506,Jlp-1506,,Volunteer,True
W00419,Worker-419,9875542420,1506,Jlp-1506,,BLA,True
W00420,Worker-420,9864894119,1506,Jlp-1506,,Supervisor,True
W00421,Worker-421,9811055933,1506,Jlp-1506,,BLA,True
W00422,Worker-422,9877614830,1506,Jlp-1506,,Volunteer,True
W00423,Worker-423,9822513856,1506,Jlp-1506,,BLA,True
W00424,Worker-424,9865154727,1506,Jlp-1506,,BLO,True
W00425,Worker-425,9874231141,1506,Jlp-1506,,BLO,True
W00426,Worker-426,9871313226,1506,Jlp-1506,,BLA,True
W00427,Worker-427,9822022671,1506,Jlp-1506,,BLA,True
W00428,Worker-428,9882342562,1506,Jlp-1506,,Supervisor,True
W00429,Worker-429,9887123958,1506,Jlp-1506,,Supervisor,True
W00430,Worker-430,9856822287,1506,Jlp-1506,,BLO,True
W00431,Worker-431,9876418760,1506,Jlp-1506,,BLA,True
W00432,Worker-432,9836180088,1506,Jlp-1506,,Volunteer,True
W00433,Worker-433,9836828716,1506,Jlp-1506,,BLO,True
W00434,Worker-434,9892751633,1506,Jlp-1506,,BLO,True
W00435,Worker-435,9820228765,1506,Jlp-1506,,BLO,True
W00436,Worker-436,9898675541,1506,Jlp-1506,,Supervisor,True
W00437,Worker-437,9852897493,1506,Jlp-1506,,BLA,True
W00438,Worker-438,9888961963,1506,Jlp-1506,,BLO,True
W00439,Worker-439,9828927604,1506,Jlp-1506,,BLO,True
W00440,Worker-440,9830934866,1506,Jlp-1506,,BLA,True
W00441,Worker-441,9837962584,1506,Jlp-1506,,Supervisor,True
W00442,Worker-442,9840712038,1506,Jlp-1506,,BLO,True
W00443,Worker-443,9875282118,1506,Jlp-1506,,Volunteer,True
W00444,Worker-444,9856218860,1506,Jlp-1506,,BLA,True
W00445,Worker-445,9856398477,1506,Jlp-1506,,BLO,True
W00446,Worker-446,9863497231,1506,Jlp-1506,,BLA,True
W00447,Worker-447,9861173628,1506,Jlp-1506,,Volunteer,True
W00448,Worker-448,9822065476,1506,Jlp-1506,,Supervisor,True
W00449,Worker-449,9854808838,1506,Jlp-1506,,Volunteer,True
W00450,Worker-450,9860855871,1506,Jlp-1506,,Supervisor,True
W00451,Worker-451,9897871858,1506,Jlp-1506,,Supervisor,True
W00452,Worker-452,9836386416,1506,Jlp-1506,,Volunteer,True
W00453,Worker-453,9825477775,1506,Jlp-1506,,BLA,True
W00454,Worker-454,9850430952,1506,Jlp-1506,,BLO,True
W00455,Worker-455,9833494821,1506,Jlp-1506,,Volunteer,True
W00456,Worker-456,9850313782,1506,Jlp-1506,,BLA,True
W00457,Worker-457,9884017158,1506,Jlp-1506,,Supervisor,True
W00458,Worker-458,9896180533,1506,Jlp-1506,,Volunteer,True
W00459,Worker-459,9821532355,1507,Jlp-1507,,BLA,True
W00460,Worker-460,9835245009,1507,Jlp-1507,,Supervisor,True
W00461,Worker-461,9825577327,1507,Jlp-1507,,Volunteer,True
W00462,Worker-462,9857947593,1507,Jlp-1507,,Supervisor,True
W00463,Worker-463,9851490972,1507,Jlp-1507,,Volunteer,True
W00464,Worker-464,9834561581,1507,Jlp-1507,,BLA,True
W00465,Worker-465,9845145674,1507,Jlp-1507,,Volunteer,True
W00466,Worker-466,9861156022,1507,Jlp-1507,,Supervisor,True
W00467,Worker-467,9856241434,1507,Jlp-1507,,BLA,True
W00468,Worker-468,9879861684,1507,Jlp-1507,,BLA,True
W00469,Worker-469,9897149310,1507,Jlp-1507,,Supervisor,True
W00470,Worker-470,9860879296,1507,Jlp-1507,,Supervisor,True
W00471,Worker-471,9853943693,1507,Jlp-1507,,BLA,True
W00472,Worker-472,9851516729,1507,Jlp-1507,,BLA,True
W00473,Worker-473,9811313373,1507,Jlp-1507,,Volunteer,True
W00474,Worker-474,9870123535,1507,Jlp-1507,,Supervisor,True
W00475,Worker-475,9837051009,1507,Jlp-1507,,Volunteer,True
W00476,Worker-476,9826031690,1507,Jlp-1507,,Volunteer,True
W00477,Worker-477,9835266556,1507,Jlp-1507,,Supervisor,True
W00478,Worker-478,9877916071,1507,Jlp-1507,,Volunteer,True
W00479,Worker-479,9857087365,1507,Jlp-1507,,Supervisor,True
W00480,Worker-480,9852309107,1507,Jlp-1507,,Supervisor,True
W00481,Worker-481,9841777982,1507,Jlp-1507,,BLO,True
W00482,Worker-482,9854226095,1507,Jlp-1507,,BLA,True
W00483,Worker-483,9855016274,1507,Jlp-1507,,BLO,True
W00484,Worker-484,9895741738,1507,Jlp-1507,,Supervisor,True
W00485,Worker-485,9830579641,1507,Jlp-1507,,BLO,True
W00486,Worker-486,9831653147,1507,Jlp-1507,,BLA,True
W00487,Worker-487,9883519568,1507,Jlp-1507,,BLO,True
W00488,Worker-488,9822101888,1507,Jlp-1507,,Volunteer,True
W00489,Worker-489,9868031801,1507,Jlp-1507,,BLA,True
W00490,Worker-490,9868164072,1507,Jlp-1507,,Volunteer,True
W00491,Worker-491,9864348838,1507,Jlp-1507,,Supervisor,True
W00492,Worker-492,9817528310,1507,Jlp-1507,,BLO,True
W00493,Worker-493,9815861843,1507,Jlp-1507,,Volunteer,True
W00494,Worker-494,9894581456,1507,Jlp-1507,,Volunteer,True
W00495,Worker-495,9888818256,1507,Jlp-1507,,BLA,True
W00496,Worker-496,9854753065,1507,Jlp-1507,,Supervisor,True
W00497,Worker-497,9850529167,1507,Jlp-1507,,Supervisor,True
W00498,Worker-498,9867812614,1507,Jlp-1507,,BLA,True
W00499,Worker-499,9850657015,1507,Jlp-1507,,BLO,True
W00500,Worker-500,9887689931,1507,Jlp-1507,,BLA,True
W00501,Worker-501,9847827468,1507,Jlp-1507,,Supervisor,True
W00502,Worker-502,9857533359,1507,Jlp-1507,,Volunteer,True
W00503,Worker-503,9830305273,1507,Jlp-1507,,BLA,True
W00504,Worker-504,9877856892,1507,Jlp-1507,,BLO,True
W00505,Worker-505,9852502677,1507,Jlp-1507,,BLO,True
W00506,Worker-506,9858578022,1507,Jlp-1507,,Supervisor,True
W00507,Worker-507,9874454195,1507,Jlp-1507,,Volunteer,True
W00508,Worker-508,9823253613,1507,Jlp-1507,,Volunteer,True
W00509,Worker-509,9817024098,1507,Jlp-1507,,BLA,True
W00510,Worker-510,9849525076,1507,Jlp-1507,,Supervisor,True
W00511,Worker-511,9893110637,1507,Jlp-1507,,Supervisor,True
W00512,Worker-512,9859977619,1507,Jlp-1507,,Volunteer,True
W00513,Worker-513,9885337038,1507,Jlp-1507,,BLO,True
W00514,Worker-514,9857526054,1507,Jlp-1507,,BLA,True
W00515,Worker-515,9853844323,1507,Jlp-1507,,Volunteer,True
W00516,Worker-516,9822874616,1507,Jlp-1507,,BLO,True
W00517,Worker-517,9831793525,1507,Jlp-1507,,Volunteer,True
W00518,Worker-518,9897275446,1507,Jlp-1507,,Supervisor,True
W00519,Worker-519,9879772663,1507,Jlp-1507,,BLO,True
W00520,Worker-520,9876643582,1507,Jlp-1507,,Supervisor,True
W00521,Worker-521,9858708884,1507,Jlp-1507,,BLA,True
W00522,Worker-522,9861987014,1507,Jlp-1507,,BLO,True
W00523,Worker-523,9876878990,1507,Jlp-1507,,Volunteer,True
W00524,Worker-524,9818607465,1507,Jlp-1507,,BLA,True
W00525,Worker-525,9881044788,1507,Jlp-1507,,BLO,True
W00526,Worker-526,9891493739,1507,Jlp-1507,,BLA,True
W00527,Worker-527,9886939639,1507,Jlp-1507,,Volunteer,True
W00528,Worker-528,9811009203,1507,Jlp-1507,,BLA,True
W00529,Worker-529,9855710416,1507,Jlp-1507,,BLA,True
W00530,Worker-530,9865422694,1507,Jlp-1507,,BLO,True
W00531,Worker-531,9848100272,1507,Jlp-1507,,Supervisor,True
W00532,Worker-532,9826110637,1507,Jlp-1507,,BLA,True
W00533,Worker-533,9816403323,1507,Jlp-1507,,BLO,True
W00534,Worker-534,9833570337,1507,Jlp-1507,,Supervisor,True
W00535,Worker-535,9829455240,1507,Jlp-1507,,BLA,True
W00536,Worker-536,9876399188,1508,Jlp-1508,,Volunteer,True
W00537,Worker-537,9865563810,1508,Jlp-1508,,Supervisor,True
W00538,Worker-538,9812408206,1508,Jlp-1508,,Volunteer,True
W00539,Worker-539,9875680789,1508,Jlp-1508,,Volunteer,True
W00540,Worker-540,9862708548,1508,Jlp-1508,,BLA,True
W00541,Worker-541,9882039200,1508,Jlp-1508,,BLO,True
W00542,Worker-542,9832543987,1508,Jlp-1508,,BLO,True
W00543,Worker-543,9881446133,1508,Jlp-1508,,BLO,True
W00544,Worker-544,9893735622,1508,Jlp-1508,,BLA,True
W00545,Worker-545,9864075887,1508,Jlp-1508,,BLO,True
W00546,Worker-546,9814904108,1508,Jlp-1508,,Volunteer,True
W00547,Worker-547,9821537854,1508,Jlp-1508,,BLA,True
W00548,Worker-548,9814345378,1508,Jlp-1508,,Supervisor,True
W00549,Worker-549,9846813608,1508,Jlp-1508,,BLO,True
W00550,Worker-550,9862388472,1508,Jlp-1508,,Volunteer,True
W00551,Worker-551,9839787396,1508,Jlp-1508,,Supervisor,True
W00552,Worker-552,9895259726,1508,Jlp-1508,,Supervisor,True
W00553,Worker-553,9839713600,1508,Jlp-1508,,BLA,True
W00554,Worker-554,9828489143,1508,Jlp-1508,,Supervisor,True
W00555,Worker-555,9885010996,1508,Jlp-1508,,BLA,True
W00556,Worker-556,9819706067,1508,Jlp-1508,,Volunteer,True
W00557,Worker-557,9834698300,1508,Jlp-1508,,Supervisor,True
W00558,Worker-558,9867400998,1508,Jlp-1508,,BLA,True
W00559,Worker-559,9826207902,1508,Jlp-1508,,Volunteer,True
W00560,Worker-560,9840283464,1508,Jlp-1508,,Volunteer,True
W00561,Worker-561,9882737850,1508,Jlp-1508,,Volunteer,True
W00562,Worker-562,9888378374,1508,Jlp-1508,,BLO,True
W00563,Worker-563,9896363471,1508,Jlp-1508,,Volunteer,True
W00564,Worker-564,9855969884,1508,Jlp-1508,,Volunteer,True
W00565,Worker-565,9841384454,1508,Jlp-1508,,Supervisor,True
W00566,Worker-566,9813628808,1508,Jlp-1508,,BLA,True
W00567,Worker-567,9844205778,1508,Jlp-1508,,Supervisor,True
W00568,Worker-568,9853225328,1508,Jlp-1508,,BLA,True
W00569,Worker-569,9860513181,1508,Jlp-1508,,Supervisor,True
W00570,Worker-570,9855003991,1508,Jlp-1508,,Supervisor,True
W00571,Worker-571,9874294868,1508,Jlp-1508,,Supervisor,True
W00572,Worker-572,9829465859,1508,Jlp-1508,,Volunteer,True
W00573,Worker-573,9843920753,1508,Jlp-1508,,Supervisor,True
W00574,Worker-574,9884351416,1508,Jlp-1508,,Supervisor,True
W00575,Worker-575,9839336622,1508,Jlp-1508,,Supervisor,True
W00576,Worker-576,9814760078,1508,Jlp-1508,,Volunteer,True
W00577,Worker-577,9861354390,1508,Jlp-1508,,BLO,True
W00578,Worker-578,9850113681,1508,Jlp-1508,,BLA,True
W00579,Worker-579,9873247307,1508,Jlp-1508,,BLO,True
W00580,Worker-580,9855718018,1508,Jlp-1508,,BLA,True
W00581,Worker-581,9820856208,1508,Jlp-1508,,Supervisor,True
W00582,Worker-582,9863128189,1508,Jlp-1508,,Supervisor,True
W00583,Worker-583,9881786957,1508,Jlp-1508,,BLO,True
W00584,Worker-584,9855038179,1508,Jlp-1508,,Volunteer,True
W00585,Worker-585,9898318125,1508,Jlp-1508,,BLO,True
W00586,Worker-586,9826348069,1508,Jlp-1508,,BLA,True
W00587,Worker-587,9870568807,1508,Jlp-1508,,BLO,True
W00588,Worker-588,9858926962,1508,Jlp-1508,,Supervisor,True
W00589,Worker-589,9879731184,1508,Jlp-1508,,Volunteer,True
W00590,Worker-590,9815319102,1508,Jlp-1508,,BLO,True
W00591,Worker-591,9842465106,1508,Jlp-1508,,Volunteer,True
W00592,Worker-592,9852785514,1508,Jlp-1508,,Volunteer,True
W00593,Worker-593,9881295259,1508,Jlp-1508,,Supervisor,True
W00594,Worker-594,9833861562,1508,Jlp-1508,,BLA,True
W00595,Worker-595,9817161497,1508,Jlp-1508,,BLO,True
W00596,Worker-596,9820768320,1508,Jlp-1508,,BLA,True
