district,ac_code,ac_name,part_no,booth_name,male,female,third_gender,total,female_pct
Darjeeling,1901,Drj-1901,1,Market Building 1,268,262,0,530,49.43
Darjeeling,1901,Drj-1901,2,Community Hall 2,295,273,1,569,47.98
Darjeeling,1901,Drj-1901,3,Temple Hall 3,354,319,1,674,47.33
Darjeeling,1901,Drj-1901,4,Community Hall 4,414,397,0,811,48.95
Darjeeling,1901,Drj-1901,5,Madrasa 5,421,386,1,808,47.77
Darjeeling,1901,Drj-1901,6,Post Office 6,288,273,1,562,48.58
Darjeeling,1901,Drj-1901,7,Post Office 7,289,262,0,551,47.55
Darjeeling,1901,Drj-1901,8,Health Sub-Centre 8,257,256,0,513,49.9
Darjeeling,1901,Drj-1901,9,Club Building 9,306,292,0,598,48.83
Darjeeling,1901,Drj-1901,10,Panchayat Bhavan 10,419,383,1,803,47.7
Darjeeling,1901,Drj-1901,11,Market Building 11,318,326,0,644,50.62
Darjeeling,1901,Drj-1901,12,Community Hall 12,393,403,0,796,50.63
Darjeeling,1901,Drj-1901,13,Govt Office 13,303,287,0,590,48.64
Darjeeling,1901,Drj-1901,14,Club Building 14,334,312,0,646,48.3
Darjeeling,1901,Drj-1901,15,Temple Hall 15,293,292,1,586,49.83
Darjeeling,1901,Drj-1901,16,Post Office 16,386,393,0,779,50.45
Darjeeling,1901,Drj-1901,17,Panchayat Bhavan 17,406,401,0,807,49.69
Darjeeling,1901,Drj-1901,18,Govt Office 18,381,344,1,726,47.38
Darjeeling,1901,Drj-1901,19,Club Building 19,356,363,1,720,50.42
Darjeeling,1901,Drj-1901,20,Govt Office 20,364,357,0,721,49.51
Darjeeling,1901,Drj-1901,21,Community Hall 21,304,288,0,592,48.65
Darjeeling,1901,Drj-1901,22,Post Office 22,315,285,1,601,47.42
Darjeeling,1901,Drj-1901,23,Post Office 23,244,250,0,494,50.61
Darjeeling,1901,Drj-1901,24,Community Hall 24,287,297,1,585,50.77
Darjeeling,1901,Drj-1901,25,Madrasa 25,329,296,1,626,47.28
Darjeeling,1901,Drj-1901,26,Anganwadi Centre 26,317,311,0,628,49.52
Darjeeling,1901,Drj-1901,27,Anganwadi Centre 27,411,373,0,784,47.58
Darjeeling,1901,Drj-1901,28,Madrasa 28,367,365,0,732,49.86
Darjeeling,1901,Drj-1901,29,Club Building 29,331,323,0,654,49.39
Darjeeling,1901,Drj-1901,30,Panchayat Bhavan 30,386,350,0,736,47.55
Darjeeling,1901,Drj-1901,31,Market Building 31,357,354,0,711,49.79
Darjeeling,1901,Drj-1901,32,Primary School 32,302,284,0,586,48.46
Darjeeling,1901,Drj-1901,33,Temple Hall 33,292,281,1,574,48.95
Darjeeling,1901,Drj-1901,34,Health Sub-Centre 34,396,376,1,773,48.64
Darjeeling,1901,Drj-1901,35,Panchayat Bhavan 35,412,372,1,785,47.39
Darjeeling,1901,Drj-1901,36,Club Building 36,398,396,1,795,49.81
Darjeeling,1901,Drj-1901,37,Temple Hall 37,272,267,1,540,49.44
Darjeeling,1901,Drj-1901,38,Post Office 38,354,323,0,677,47.71
Darjeeling,1901,Drj-1901,39,Health Sub-Centre 39,323,327,1,651,50.23
Darjeeling,1901,Drj-1901,40,Madrasa 40,297,269,1,567,47.44
Darjeeling,1901,Drj-1901,41,Anganwadi Centre 41,381,362,0,743,48.72
Darjeeling,1901,Drj-1901,42,Market Building 42,271,272,1,544,50.0
Darjeeling,1901,Drj-1901,43,Club Building 43,259,248,1,508,48.82
Darjeeling,1901,Drj-1901,44,Primary School 44,306,280,1,587,47.7
Darjeeling,1901,Drj-1901,45,Madrasa 45,393,368,1,762,48.29
Darjeeling,1901,Drj-1901,46,Anganwadi Centre 46,309,299,0,608,49.18
Darjeeling,1901,Drj-1901,47,Anganwadi Centre 47,397,357,0,754,47.35
Darjeeling,1901,Drj-1901,48,Primary School 48,315,306,0,621,49.28
Darjeeling,1901,Drj-1901,49,Govt Office 49,282,281,0,563,49.91
Darjeeling,1901,Drj-1901,50,Panchayat Bhavan 50,270,242,1,513,47.17
Darjeeling,1901,Drj-1901,51,Primary School 51,351,360,0,711,50.63
Darjeeling,1901,Drj-1901,52,High School 52,269,257,0,526,48.86
Darjeeling,1901,Drj-1901,53,Madrasa 53,353,361,1,715,50.49
Darjeeling,1901,Drj-1901,54,Post Office 54,307,311,0,618,50.32
Darjeeling,1901,Drj-1901,55,Govt Office 55,307,281,0,588,47.79
Darjeeling,1901,Drj-1901,56,Health Sub-Centre 56,413,377,0,790,47.72
Darjeeling,1901,Drj-1901,57,Primary School 57,396,382,0,778,49.1
Darjeeling,1901,Drj-1901,58,Post Office 58,286,266,1,553,48.1
Darjeeling,1901,Drj-1901,59,Community Hall 59,375,351,1,727,48.28
Darjeeling,1901,Drj-1901,60,Anganwadi Centre 60,282,259,0,541,47.87
Darjeeling,1901,Drj-1901,61,Market Building 61,407,396,0,803,49.32
Darjeeling,1901,Drj-1901,62,Temple Hall 62,256,245,1,502,48.8
Darjeeling,1901,Drj-1901,63,Primary School 63,282,266,1,549,48.45
Darjeeling,1901,Drj-1901,64,Health Sub-Centre 64,296,298,0,594,50.17
Darjeeling,1901,Drj-1901,65,Madrasa 65,303,292,0,595,49.08
Darjeeling,1901,Drj-1901,66,Panchayat Bhavan 66,369,376,1,746,50.4
Darjeeling,1901,Drj-1901,67,Community Hall 67,331,319,0,650,49.08
Darjeeling,1901,Drj-1901,68,Market Building 68,270,270,0,540,50.0
Darjeeling,1901,Drj-1901,69,High School 69,285,284,1,570,49.82
Darjeeling,1901,Drj-1901,70,Temple Hall 70,336,346,1,683,50.66
Darjeeling,1901,Drj-1901,71,Govt Office 71,407,409,0,816,50.12
Darjeeling,1901,Drj-1901,72,Panchayat Bhavan 72,279,281,0,560,50.18
Darjeeling,1901,Drj-1901,73,Temple Hall 73,387,360,1,748,48.13
Darjeeling,1901,Drj-1901,74,Govt Office 74,386,384,0,770,49.87
Darjeeling,1901,Drj-1901,75,High School 75,308,316,0,624,50.64
Darjeeling,1901,Drj-1901,76,Primary School 76,348,356,1,705,50.5
Darjeeling,1901,Drj-1901,77,Health Sub-Centre 77,375,385,1,761,50.59
Darjeeling,1901,Drj-1901,78,Post Office 78,321,328,0,649,50.54
Darjeeling,1901,Drj-1901,79,High School 79,285,267,0,552,48.37
Darjeeling,1901,Drj-1901,80,High School 80,381,354,0,735,48.16
Darjeeling,1901,Drj-1901,81,Temple Hall 81,252,250,0,502,49.8
Darjeeling,1901,Drj-1901,82,Primary School 82,314,281,0,595,47.23
Darjeeling,1901,Drj-1901,83,Club Building 83,313,310,0,623,49.76
Darjeeling,1901,Drj-1901,84,Temple Hall 84,287,271,0,558,48.57
Darjeeling,1901,Drj-1901,85,Madrasa 85,251,239,1,491,48.68
Darjeeling,1901,Drj-1901,86,Govt Office 86,382,361,1,744,48.52
Darjeeling,1901,Drj-1901,87,Health Sub-Centre 87,396,386,0,782,49.36
Darjeeling,1901,Drj-1901,88,Post Office 88,293,267,0,560,47.68
Darjeeling,1901,Drj-1901,89,Govt Office 89,353,326,1,680,47.94
Darjeeling,1901,Drj-1901,90,High School 90,374,335,0,709,47.25
Darjeeling,1901,Drj-1901,91,Community Hall 91,320,294,1,615,47.8
Darjeeling,1901,Drj-1901,92,Madrasa 92,338,330,0,668,49.4
Darjeeling,1901,Drj-1901,93,Health Sub-Centre 93,398,383,0,781,49.04
Darjeeling,1901,Drj-1901,94,Anganwadi Centre 94,294,300,0,594,50.51
Darjeeling,1901,Drj-1901,95,Community Hall 95,374,367,0,741,49.53
Darjeeling,1901,Drj-1901,96,High School 96,260,264,0,524,50.38
Darjeeling,1901,Drj-1901,97,Panchayat Bhavan 97,249,256,0,505,50.69
Darjeeling,1901,Drj-1901,98,Govt Office 98,258,241,1,500,48.2
Darjeeling,1901,Drj-1901,99,Primary School 99,336,318,0,654,48.62
Darjeeling,1901,Drj-1901,100,Panchayat Bhavan 100,375,365,1,741,49.26
Darjeeling,1901,Drj-1901,101,Govt Office 101,304,276,1,581,47.5
Darjeeling,1901,Drj-1901,102,Market Building 102,347,314,0,661,47.5
Darjeeling,1901,Drj-1901,103,Temple Hall 103,414,386,0,800,48.25
Darjeeling,1901,Drj-1901,104,High School 104,383,388,0,771,50.32
Darjeeling,1901,Drj-1901,105,Health Sub-Centre 105,336,336,0,672,50.0
Darjeeling,1901,Drj-1901,106,Madrasa 106,368,336,0,704,47.73
Darjeeling,1901,Drj-1901,107,Post Office 107,408,374,0,782,47.83
Darjeeling,1901,Drj-1901,108,Club Building 108,396,401,0,797,50.31
Darjeeling,1901,Drj-1901,109,Madrasa 109,342,353,0,695,50.79
Darjeeling,1901,Drj-1901,110,Anganwadi Centre 110,389,379,0,768,49.35
Darjeeling,1901,Drj-1901,111,Market Building 111,316,317,0,633,50.08
Darjeeling,1901,Drj-1901,112,Health Sub-Centre 112,352,340,1,693,49.06
Darjeeling,1901,Drj-1901,113,Health Sub-Centre 113,368,361,0,729,49.52
Darjeeling,1901,Drj-1901,114,Madrasa 114,262,243,1,506,48.02
Darjeeling,1901,Drj-1901,115,Post Office 115,367,339,0,706,48.02
Darjeeling,1901,Drj-1901,116,Govt Office 116,348,341,0,689,49.49
Darjeeling,1901,Drj-1901,117,Community Hall 117,325,298,1,624,47.76
Darjeeling,1901,Drj-1901,118,Anganwadi Centre 118,323,294,0,617,47.65
Darjeeling,1901,Drj-1901,119,High School 119,291,281,0,572,49.13
Darjeeling,1901,Drj-1901,120,Market Building 120,347,330,1,678,48.67
Darjeeling,1901,Drj-1901,121,High School 121,260,235,0,495,47.47
Darjeeling,1901,Drj-1901,122,Community Hall 122,267,245,0,512,47.85
Darjeeling,1901,Drj-1901,123,Temple Hall 123,280,266,1,547,48.63
Darjeeling,1901,Drj-1901,124,Anganwadi Centre 124,420,384,1,805,47.7
Darjeeling,1901,Drj-1901,125,Temple Hall 125,242,244,1,487,50.1
Darjeeling,1901,Drj-1901,126,Community Hall 126,332,324,0,656,49.39
Darjeeling,1901,Drj-1901,127,Club Building 127,285,268,0,553,48.46
Darjeeling,1901,Drj-1901,128,Club Building 128,383,349,1,733,47.61
Darjeeling,1901,Drj-1901,129,Govt Office 129,334,317,0,651,48.69
Darjeeling,1901,Drj-1901,130,Health Sub-Centre 130,419,398,0,817,48.71
Darjeeling,1901,Drj-1901,131,Madrasa 131,381,347,1,729,47.6
Darjeeling,1901,Drj-1901,132,Post Office 132,277,269,0,546,49.27
Darjeeling,1901,Drj-1901,133,Panchayat Bhavan 133,401,388,1,790,49.11
Darjeeling,1901,Drj-1901,134,Market Building 134,294,281,0,575,48.87
Darjeeling,1901,Drj-1901,135,Temple Hall 135,370,372,0,742,50.13
Darjeeling,1901,Drj-1901,136,High School 136,245,247,1,493,50.1
Darjeeling,1901,Drj-1901,137,High School 137,299,282,1,582,48.45
Darjeeling,1901,Drj-1901,138,Community Hall 138,301,284,0,585,48.55
Darjeeling,1901,Drj-1901,139,Community Hall 139,380,382,1,763,50.07
Darjeeling,1901,Drj-1901,140,Community Hall 140,335,322,1,658,48.94
Darjeeling,1901,Drj-1901,141,Post Office 141,301,287,0,588,48.81
Darjeeling,1901,Drj-1901,142,Panchayat Bhavan 142,340,348,0,688,50.58
Darjeeling,1901,Drj-1901,143,Madrasa 143,335,326,0,661,49.32
Darjeeling,1901,Drj-1901,144,Anganwadi Centre 144,281,287,1,569,50.44
Darjeeling,1901,Drj-1901,145,Primary School 145,394,354,1,749,47.26
Darjeeling,1901,Drj-1901,146,Primary School 146,282,262,0,544,48.16
Darjeeling,1901,Drj-1901,147,Madrasa 147,395,360,1,756,47.62
Darjeeling,1901,Drj-1901,148,Panchayat Bhavan 148,368,332,0,700,47.43
Darjeeling,1901,Drj-1901,149,Anganwadi Centre 149,410,391,1,802,48.75
Darjeeling,1901,Drj-1901,150,Club Building 150,315,325,1,641,50.7
Darjeeling,1901,Drj-1901,151,Market Building 151,321,298,1,620,48.06
Darjeeling,1901,Drj-1901,152,Market Building 152,288,292,0,580,50.34
Darjeeling,1901,Drj-1901,153,Madrasa 153,304,294,0,598,49.16
Darjeeling,1901,Drj-1901,154,Post Office 154,272,270,0,542,49.82
Darjeeling,1901,Drj-1901,155,Govt Office 155,243,250,1,494,50.61
Darjeeling,1901,Drj-1901,156,Temple Hall 156,404,408,1,813,50.18
Darjeeling,1901,Drj-1901,157,Panchayat Bhavan 157,344,323,1,668,48.35
Darjeeling,1901,Drj-1901,158,Govt Office 158,376,359,1,736,48.78
Darjeeling,1901,Drj-1901,159,Community Hall 159,281,280,1,562,49.82
Darjeeling,1901,Drj-1901,160,Primary School 160,369,342,1,712,48.03
Darjeeling,1901,Drj-1901,161,Health Sub-Centre 161,332,315,1,648,48.61
Darjeeling,1901,Drj-1901,162,High School 162,285,285,0,570,50.0
Darjeeling,1901,Drj-1901,163,Post Office 163,328,295,1,624,47.28
Darjeeling,1901,Drj-1901,164,Health Sub-Centre 164,267,256,1,524,48.85
Darjeeling,1901,Drj-1901,165,High School 165,290,276,0,566,48.76
Darjeeling,1901,Drj-1901,166,Club Building 166,361,356,0,717,49.65
Darjeeling,1901,Drj-1901,167,Govt Office 167,379,368,1,748,49.2
Darjeeling,1901,Drj-1901,168,Madrasa 168,285,259,1,545,47.52
Darjeeling,1901,Drj-1901,169,Primary School 169,352,347,0,699,49.64
Darjeeling,1901,Drj-1901,170,Community Hall 170,315,301,1,617,48.78
Darjeeling,1901,Drj-1901,171,Club Building 171,387,347,1,735,47.21
Darjeeling,1901,Drj-1901,172,Club Building 172,384,372,1,757,49.14
Darjeeling,1901,Drj-1901,173,Post Office 173,260,245,1,506,48.42
Darjeeling,1901,Drj-1901,174,Anganwadi Centre 174,317,323,1,641,50.39
Darjeeling,1901,Drj-1901,175,Govt Office 175,307,286,1,594,48.15
Darjeeling,1901,Drj-1901,176,Primary School 176,374,348,0,722,48.2
Darjeeling,1901,Drj-1901,177,Community Hall 177,394,391,0,785,49.81
Darjeeling,1901,Drj-1901,178,Madrasa 178,322,308,0,630,48.89
Darjeeling,1901,Drj-1901,179,Club Building 179,259,238,0,497,47.89
Darjeeling,1901,Drj-1901,180,High School 180,312,299,1,612,48.86
Darjeeling,1901,Drj-1901,181,Temple Hall 181,299,278,1,578,48.1
Darjeeling,1901,Drj-1901,182,Temple Hall 182,416,399,0,815,48.96
Darjeeling,1901,Drj-1901,183,Post Office 183,327,301,1,629,47.85
Darjeeling,1901,Drj-1901,184,Anganwadi Centre 184,319,308,0,627,49.12
Darjeeling,1901,Drj-1901,185,Anganwadi Centre 185,240,240,0,480,50.0
Darjeeling,1901,Drj-1901,186,Market Building 186,400,360,1,761,47.31
Darjeeling,1901,Drj-1901,187,Govt Office 187,251,231,0,482,47.93
Darjeeling,1901,Drj-1901,188,Anganwadi Centre 188,402,369,0,771,47.86
Darjeeling,1901,Drj-1901,189,Health Sub-Centre 189,388,385,0,773,49.81
Darjeeling,1901,Drj-1901,190,Temple Hall 190,258,265,0,523,50.67
Darjeeling,1901,Drj-1901,191,Market Building 191,279,273,1,553,49.37
Darjeeling,1901,Drj-1901,192,Govt Office 192,291,275,1,567,48.5
Darjeeling,1901,Drj-1901,193,Community Hall 193,266,258,1,525,49.14
Darjeeling,1901,Drj-1901,194,Post Office 194,309,315,0,624,50.48
Darjeeling,1901,Drj-1901,195,Madrasa 195,261,261,1,523,49.9
Darjeeling,1901,Drj-1901,196,Post Office 196,382,370,1,753,49.14
Darjeeling,1901,Drj-1901,197,Panchayat Bhavan 197,295,286,1,582,49.14
Darjeeling,1901,Drj-1901,198,Primary School 198,397,370,1,768,48.18
Darjeeling,1901,Drj-1901,199,Health Sub-Centre 199,272,266,1,539,49.35
Darjeeling,1901,Drj-1901,200,Primary School 200,395,366,0,761,48.09
Darjeeling,1901,Drj-1901,201,Market Building 201,405,390,0,795,49.06
Darjeeling,1901,Drj-1901,202,Govt Office 202,328,295,1,624,47.28
Darjeeling,1901,Drj-1901,203,Health Sub-Centre 203,279,257,0,536,47.95
Darjeeling,1901,Drj-1901,204,High School 204,331,323,0,654,49.39
Darjeeling,1901,Drj-1901,205,Post Office 205,409,399,1,809,49.32
Darjeeling,1901,Drj-1901,206,Panchayat Bhavan 206,335,329,0,664,49.55
Darjeeling,1901,Drj-1901,207,Club Building 207,373,385,1,759,50.72
Darjeeling,1901,Drj-1901,208,Health Sub-Centre 208,401,363,1,765,47.45
Darjeeling,1901,Drj-1901,209,Temple Hall 209,346,318,1,665,47.82
Darjeeling,1901,Drj-1901,210,Primary School 210,251,231,1,483,47.83
Darjeeling,1901,Drj-1901,211,Madrasa 211,357,324,0,681,47.58
Darjeeling,1901,Drj-1901,212,Temple Hall 212,329,336,1,666,50.45
Darjeeling,1901,Drj-1901,213,Temple Hall 213,346,326,0,672,48.51
Darjeeling,1901,Drj-1901,214,Club Building 214,345,344,1,690,49.86
Darjeeling,1901,Drj-1901,215,Anganwadi Centre 215,353,328,1,682,48.09
Darjeeling,1901,Drj-1901,216,Temple Hall 216,255,236,0,491,48.07
Darjeeling,1901,Drj-1901,217,Anganwadi Centre 217,368,343,1,712,48.17
Darjeeling,1901,Drj-1901,218,Health Sub-Centre 218,389,355,0,744,47.72
Darjeeling,1901,Drj-1901,219,Community Hall 219,251,245,1,497,49.3
Darjeeling,1901,Drj-1901,220,High School 220,266,246,1,513,47.95
Darjeeling,1901,Drj-1901,221,Madrasa 221,389,355,0,744,47.72
Darjeeling,1901,Drj-1901,222,Primary School 222,318,312,1,631,49.45
Darjeeling,1901,Drj-1901,223,Primary School 223,386,353,1,740,47.7
Darjeeling,1901,Drj-1901,224,Temple Hall 224,409,396,1,806,49.13
Darjeeling,1901,Drj-1901,225,Post Office 225,272,258,1,531,48.59
Darjeeling,1901,Drj-1901,226,Primary School 226,288,267,0,555,48.11
Darjeeling,1901,Drj-1901,227,Community Hall 227,333,305,0,638,47.81
Darjeeling,1901,Drj-1901,228,Primary School 228,399,367,0,766,47.91
Darjeeling,1901,Drj-1901,229,Temple Hall 229,280,282,0,562,50.18
Darjeeling,1901,Drj-1901,230,Post Office 230,312,310,0,622,49.84
Darjeeling,1901,Drj-1901,231,Market Building 231,308,277,0,585,47.35
Darjeeling,1901,Drj-1901,232,Panchayat Bhavan 232,292,299,1,592,50.51
Darjeeling,1901,Drj-1901,233,High School 233,343,346,1,690,50.14
Darjeeling,1901,Drj-1901,234,Health Sub-Centre 234,324,330,1,655,50.38
Darjeeling,1901,Drj-1901,235,Madrasa 235,267,271,0,538,50.37
Darjeeling,1901,Drj-1901,236,Market Building 236,264,264,0,528,50.0
Darjeeling,1901,Drj-1901,237,Govt Office 237,290,289,0,579,49.91
Darjeeling,1901,Drj-1901,238,Post Office 238,377,347,1,725,47.86
Darjeeling,1901,Drj-1901,239,Madrasa 239,314,291,1,606,48.02
Darjeeling,1901,Drj-1901,240,Post Office 240,263,265,0,528,50.19
Darjeeling,1901,Drj-1901,241,Club Building 241,268,249,0,517,48.16
Darjeeling,1901,Drj-1901,242,Madrasa 242,275,259,0,534,48.5
Darjeeling,1901,Drj-1901,243,Anganwadi Centre 243,251,232,0,483,48.03
Darjeeling,1901,Drj-1901,244,Community Hall 244,242,239,0,481,49.69
Darjeeling,1901,Drj-1901,245,Panchayat Bhavan 245,359,368,1,728,50.55
Darjeeling,1901,Drj-1901,246,Community Hall 246,332,343,0,675,50.81
Darjeeling,1901,Drj-1901,247,Anganwadi Centre 247,381,342,0,723,47.3
Darjeeling,1901,Drj-1901,248,High School 248,312,284,0,596,47.65
Darjeeling,1901,Drj-1901,249,Temple Hall 249,385,360,0,745,48.32
Darjeeling,1901,Drj-1901,250,Club Building 250,316,299,1,616,48.54
Darjeeling,1901,Drj-1901,251,Market Building 251,306,307,1,614,50.0
Darjeeling,1901,Drj-1901,252,Primary School 252,370,349,0,719,48.54
Darjeeling,1901,Drj-1901,253,High School 253,275,267,1,543,49.17
Darjeeling,1901,Drj-1901,254,Primary School 254,391,355,1,747,47.52
Darjeeling,1901,Drj-1901,255,Temple Hall 255,362,348,1,711,48.95
Darjeeling,1901,Drj-1901,256,Panchayat Bhavan 256,330,316,1,647,48.84
Darjeeling,1901,Drj-1901,257,Temple Hall 257,317,290,0,607,47.78
Darjeeling,1901,Drj-1901,258,Post Office 258,361,365,1,727,50.21
Darjeeling,1901,Drj-1901,259,Club Building 259,264,248,0,512,48.44
Darjeeling,1901,Drj-1901,260,Primary School 260,274,248,0,522,47.51
Darjeeling,1902,Drj-1902,1,Market Building 1,402,396,1,799,49.56
Darjeeling,1902,Drj-1902,2,Health Sub-Centre 2,397,370,0,767,48.24
Darjeeling,1902,Drj-1902,3,Primary School 3,349,316,1,666,47.45
Darjeeling,1902,Drj-1902,4,Temple Hall 4,310,311,0,621,50.08
Darjeeling,1902,Drj-1902,5,Temple Hall 5,400,371,0,771,48.12
Darjeeling,1902,Drj-1902,6,Govt Office 6,334,320,1,655,48.85
Darjeeling,1902,Drj-1902,7,Community Hall 7,326,312,0,638,48.9
Darjeeling,1902,Drj-1902,8,Govt Office 8,283,279,0,562,49.64
Darjeeling,1902,Drj-1902,9,Community Hall 9,316,291,0,607,47.94
Darjeeling,1902,Drj-1902,10,Madrasa 10,389,400,1,790,50.63
Darjeeling,1902,Drj-1902,11,Panchayat Bhavan 11,280,276,1,557,49.55
Darjeeling,1902,Drj-1902,12,Health Sub-Centre 12,245,251,0,496,50.6
Darjeeling,1902,Drj-1902,13,Govt Office 13,405,414,1,820,50.49
Darjeeling,1902,Drj-1902,14,Madrasa 14,374,375,1,750,50.0
Darjeeling,1902,Drj-1902,15,Anganwadi Centre 15,345,325,0,670,48.51
Darjeeling,1902,Drj-1902,16,Primary School 16,377,346,0,723,47.86
Darjeeling,1902,Drj-1902,17,High School 17,245,240,1,486,49.38
Darjeeling,1902,Drj-1902,18,Market Building 18,354,350,1,705,49.65
Darjeeling,1902,Drj-1902,19,Health Sub-Centre 19,266,240,1,507,47.34
Darjeeling,1902,Drj-1902,20,Community Hall 20,426,392,1,819,47.86
Darjeeling,1902,Drj-1902,21,Anganwadi Centre 21,263,265,0,528,50.19
Darjeeling,1902,Drj-1902,22,High School 22,261,237,1,499,47.49
Darjeeling,1902,Drj-1902,23,Market Building 23,420,397,1,818,48.53
Darjeeling,1902,Drj-1902,24,Panchayat Bhavan 24,248,238,1,487,48.87
Darjeeling,1902,Drj-1902,25,Madrasa 25,282,277,0,559,49.55
Darjeeling,1902,Drj-1902,26,Madrasa 26,388,349,0,737,47.35
Darjeeling,1902,Drj-1902,27,Club Building 27,402,384,0,786,48.85
Darjeeling,1902,Drj-1902,28,Primary School 28,350,337,1,688,48.98
Darjeeling,1902,Drj-1902,29,High School 29,254,238,0,492,48.37
Darjeeling,1902,Drj-1902,30,Panchayat Bhavan 30,262,252,0,514,49.03
Darjeeling,1902,Drj-1902,31,Health Sub-Centre 31,324,319,0,643,49.61
Darjeeling,1902,Drj-1902,32,Govt Office 32,417,380,1,798,47.62
Darjeeling,1902,Drj-1902,33,Health Sub-Centre 33,359,323,1,683,47.29
Darjeeling,1902,Drj-1902,34,Post Office 34,336,347,1,684,50.73
Darjeeling,1902,Drj-1902,35,Club Building 35,327,309,0,636,48.58
Darjeeling,1902,Drj-1902,36,Market Building 36,351,356,0,707,50.35
Darjeeling,1902,Drj-1902,37,High School 37,407,412,1,820,50.24
Darjeeling,1902,Drj-1902,38,Panchayat Bhavan 38,342,337,0,679,49.63
Darjeeling,1902,Drj-1902,39,Primary School 39,385,381,0,766,49.74
Darjeeling,1902,Drj-1902,40,Primary School 40,355,320,1,676,47.34
Darjeeling,1902,Drj-1902,41,Temple Hall 41,254,231,1,486,47.53
Darjeeling,1902,Drj-1902,42,Health Sub-Centre 42,391,394,1,786,50.13
Darjeeling,1902,Drj-1902,43,Govt Office 43,342,328,0,670,48.96
Darjeeling,1902,Drj-1902,44,Post Office 44,304,296,0,600,49.33
Darjeeling,1902,Drj-1902,45,Madrasa 45,275,265,1,541,48.98
Darjeeling,1902,Drj-1902,46,Govt Office 46,246,236,1,483,48.86
Darjeeling,1902,Drj-1902,47,Health Sub-Centre 47,388,366,1,755,48.48
Darjeeling,1902,Drj-1902,48,Anganwadi Centre 48,319,302,1,622,48.55
Darjeeling,1902,Drj-1902,49,Madrasa 49,310,309,1,620,49.84
Darjeeling,1902,Drj-1902,50,Primary School 50,248,239,1,488,48.98
Darjeeling,1902,Drj-1902,51,Madrasa 51,285,271,1,557,48.65
Darjeeling,1902,Drj-1902,52,Club Building 52,306,275,0,581,47.33
Darjeeling,1902,Drj-1902,53,Panchayat Bhavan 53,337,309,1,647,47.76
Darjeeling,1902,Drj-1902,54,Madrasa 54,361,336,1,698,48.14
Darjeeling,1902,Drj-1902,55,Anganwadi Centre 55,256,243,1,500,48.6
Darjeeling,1902,Drj-1902,56,Community Hall 56,283,265,1,549,48.27
Darjeeling,1902,Drj-1902,57,Club Building 57,374,358,1,733,48.84
Darjeeling,1902,Drj-1902,58,Club Building 58,362,354,1,717,49.37
Darjeeling,1902,Drj-1902,59,High School 59,308,285,1,594,47.98
Darjeeling,1902,Drj-1902,60,Post Office 60,242,244,1,487,50.1
Darjeeling,1902,Drj-1902,61,Panchayat Bhavan 61,357,336,1,694,48.41
Darjeeling,1902,Drj-1902,62,High School 62,267,264,0,531,49.72
Darjeeling,1902,Drj-1902,63,Madrasa 63,265,244,1,510,47.84
Darjeeling,1902,Drj-1902,64,High School 64,369,351,1,721,48.68
Darjeeling,1902,Drj-1902,65,High School 65,419,390,1,810,48.15
Darjeeling,1902,Drj-1902,66,Health Sub-Centre 66,320,288,1,609,47.29
Darjeeling,1902,Drj-1902,67,Club Building 67,386,364,1,751,48.47
Darjeeling,1902,Drj-1902,68,Health Sub-Centre 68,401,407,1,809,50.31
Darjeeling,1902,Drj-1902,69,Health Sub-Centre 69,291,297,0,588,50.51
Darjeeling,1902,Drj-1902,70,Primary School 70,312,305,1,618,49.35
Darjeeling,1902,Drj-1902,71,Health Sub-Centre 71,248,241,1,490,49.18
Darjeeling,1902,Drj-1902,72,Panchayat Bhavan 72,309,317,0,626,50.64
Darjeeling,1902,Drj-1902,73,Madrasa 73,325,312,1,638,48.9
Darjeeling,1902,Drj-1902,74,Anganwadi Centre 74,340,347,0,687,50.51
Darjeeling,1902,Drj-1902,75,Market Building 75,375,348,1,724,48.07
Darjeeling,1902,Drj-1902,76,Panchayat Bhavan 76,395,380,0,775,49.03
Darjeeling,1902,Drj-1902,77,Post Office 77,366,336,1,703,47.8
Darjeeling,1902,Drj-1902,78,Market Building 78,274,277,0,551,50.27
Darjeeling,1902,Drj-1902,79,Anganwadi Centre 79,286,284,0,570,49.82
Darjeeling,1902,Drj-1902,80,Community Hall 80,300,302,0,602,50.17
Darjeeling,1902,Drj-1902,81,Post Office 81,306,308,1,615,50.08
Darjeeling,1902,Drj-1902,82,Anganwadi Centre 82,297,288,1,586,49.15
Darjeeling,1902,Drj-1902,83,Panchayat Bhavan 83,402,365,0,767,47.59
Darjeeling,1902,Drj-1902,84,Govt Office 84,335,335,1,671,49.93
Darjeeling,1902,Drj-1902,85,Club Building 85,260,240,0,500,48.0
Darjeeling,1902,Drj-1902,86,Club Building 86,287,291,0,578,50.35
Darjeeling,1902,Drj-1902,87,Panchayat Bhavan 87,288,279,0,567,49.21
Darjeeling,1902,Drj-1902,88,Primary School 88,347,357,1,705,50.64
Darjeeling,1902,Drj-1902,89,Primary School 89,403,412,0,815,50.55
Darjeeling,1902,Drj-1902,90,Temple Hall 90,238,243,0,481,50.52
Darjeeling,1902,Drj-1902,91,Post Office 91,347,343,0,690,49.71
Darjeeling,1902,Drj-1902,92,Madrasa 92,396,362,1,759,47.69
Darjeeling,1902,Drj-1902,93,Community Hall 93,360,371,0,731,50.75
Darjeeling,1902,Drj-1902,94,Club Building 94,300,279,0,579,48.19
Darjeeling,1902,Drj-1902,95,Madrasa 95,267,264,0,531,49.72
Darjeeling,1902,Drj-1902,96,Primary School 96,390,384,1,775,49.55
Darjeeling,1902,Drj-1902,97,Primary School 97,384,354,0,738,47.97
Darjeeling,1902,Drj-1902,98,Post Office 98,287,262,1,550,47.64
Darjeeling,1902,Drj-1902,99,Community Hall 99,414,387,1,802,48.25
Darjeeling,1902,Drj-1902,100,Panchayat Bhavan 100,312,283,1,596,47.48
Darjeeling,1902,Drj-1902,101,Community Hall 101,352,324,0,676,47.93
Darjeeling,1902,Drj-1902,102,Health Sub-Centre 102,402,367,0,769,47.72
Darjeeling,1902,Drj-1902,103,High School 103,255,242,0,497,48.69
Darjeeling,1902,Drj-1902,104,Health Sub-Centre 104,379,373,1,753,49.54
Darjeeling,1902,Drj-1902,105,Temple Hall 105,303,277,0,580,47.76
Darjeeling,1902,Drj-1902,106,Panchayat Bhavan 106,316,320,1,637,50.24
Darjeeling,1902,Drj-1902,107,Anganwadi Centre 107,380,376,0,756,49.74
Darjeeling,1902,Drj-1902,108,Club Building 108,288,264,1,553,47.74
Darjeeling,1902,Drj-1902,109,Community Hall 109,255,247,1,503,49.11
Darjeeling,1902,Drj-1902,110,Primary School 110,380,355,0,735,48.3
Darjeeling,1902,Drj-1902,111,Market Building 111,383,346,1,730,47.4
Darjeeling,1902,Drj-1902,112,Govt Office 112,337,318,0,655,48.55
Darjeeling,1902,Drj-1902,113,Govt Office 113,378,389,0,767,50.72
Darjeeling,1902,Drj-1902,114,Club Building 114,378,383,0,761,50.33
Darjeeling,1902,Drj-1902,115,Primary School 115,318,293,1,612,47.88
Darjeeling,1902,Drj-1902,116,Primary School 116,427,384,0,811,47.35
Darjeeling,1902,Drj-1902,117,Temple Hall 117,404,407,0,811,50.18
Darjeeling,1902,Drj-1902,118,Anganwadi Centre 118,375,349,1,725,48.14
Darjeeling,1902,Drj-1902,119,Primary School 119,398,362,1,761,47.57
Darjeeling,1902,Drj-1902,120,High School 120,313,321,1,635,50.55
Darjeeling,1902,Drj-1902,121,Panchayat Bhavan 121,305,282,1,588,47.96
Darjeeling,1902,Drj-1902,122,Community Hall 122,277,272,0,549,49.54
Darjeeling,1902,Drj-1902,123,Govt Office 123,392,388,0,780,49.74
Darjeeling,1902,Drj-1902,124,Panchayat Bhavan 124,298,288,0,586,49.15
Darjeeling,1902,Drj-1902,125,Health Sub-Centre 125,266,273,0,539,50.65
Darjeeling,1902,Drj-1902,126,Post Office 126,402,394,0,796,49.5
Darjeeling,1902,Drj-1902,127,Madrasa 127,421,389,0,810,48.02
Darjeeling,1902,Drj-1902,128,Health Sub-Centre 128,312,281,1,594,47.31
Darjeeling,1902,Drj-1902,129,Post Office 129,378,379,0,757,50.07
Darjeeling,1902,Drj-1902,130,Temple Hall 130,388,383,0,771,49.68
Darjeeling,1902,Drj-1902,131,Community Hall 131,383,349,0,732,47.68
Darjeeling,1902,Drj-1902,132,Temple Hall 132,343,353,0,696,50.72
Darjeeling,1902,Drj-1902,133,Community Hall 133,317,287,0,604,47.52
Darjeeling,1902,Drj-1902,134,Club Building 134,281,273,1,555,49.19
Darjeeling,1902,Drj-1902,135,Govt Office 135,409,381,0,790,48.23
Darjeeling,1902,Drj-1902,136,Temple Hall 136,366,346,1,713,48.53
Darjeeling,1902,Drj-1902,137,Market Building 137,264,272,0,536,50.75
Darjeeling,1902,Drj-1902,138,Post Office 138,301,287,1,589,48.73
Darjeeling,1902,Drj-1902,139,Market Building 139,325,292,1,618,47.25
Darjeeling,1902,Drj-1902,140,High School 140,342,335,0,677,49.48
Darjeeling,1902,Drj-1902,141,Market Building 141,408,397,1,806,49.26
Darjeeling,1902,Drj-1902,142,Club Building 142,326,331,1,658,50.3
Darjeeling,1902,Drj-1902,143,Govt Office 143,292,264,0,556,47.48
Darjeeling,1902,Drj-1902,144,Madrasa 144,382,357,0,739,48.31
Darjeeling,1902,Drj-1902,145,Temple Hall 145,345,336,1,682,49.27
Darjeeling,1902,Drj-1902,146,Madrasa 146,347,335,0,682,49.12
Darjeeling,1902,Drj-1902,147,Panchayat Bhavan 147,369,348,0,717,48.54
Darjeeling,1902,Drj-1902,148,Madrasa 148,324,294,1,619,47.5
Darjeeling,1902,Drj-1902,149,Panchayat Bhavan 149,342,333,1,676,49.26
Darjeeling,1902,Drj-1902,150,Anganwadi Centre 150,344,339,0,683,49.63
Darjeeling,1902,Drj-1902,151,Club Building 151,294,278,0,572,48.6
Darjeeling,1902,Drj-1902,152,Community Hall 152,311,313,0,624,50.16
Darjeeling,1902,Drj-1902,153,Club Building 153,339,329,1,669,49.18
Darjeeling,1902,Drj-1902,154,Madrasa 154,428,389,0,817,47.61
Darjeeling,1902,Drj-1902,155,Club Building 155,371,376,0,747,50.33
Darjeeling,1902,Drj-1902,156,Panchayat Bhavan 156,316,321,0,637,50.39
Darjeeling,1902,Drj-1902,157,Madrasa 157,310,308,1,619,49.76
Darjeeling,1902,Drj-1902,158,Temple Hall 158,312,278,0,590,47.12
Darjeeling,1902,Drj-1902,159,Club Building 159,379,385,1,765,50.33
Darjeeling,1902,Drj-1902,160,Madrasa 160,302,276,0,578,47.75
Darjeeling,1902,Drj-1902,161,Community Hall 161,273,263,0,536,49.07
Darjeeling,1902,Drj-1902,162,Madrasa 162,383,342,0,725,47.17
Darjeeling,1902,Drj-1902,163,Govt Office 163,379,360,0,739,48.71
Darjeeling,1902,Drj-1902,164,Temple Hall 164,390,362,1,753,48.07
Darjeeling,1902,Drj-1902,165,Community Hall 165,319,301,1,621,48.47
Darjeeling,1902,Drj-1902,166,Club Building 166,271,243,1,515,47.18
Darjeeling,1902,Drj-1902,167,Post Office 167,402,392,1,795,49.31
Darjeeling,1902,Drj-1902,168,Post Office 168,283,259,0,542,47.79
Darjeeling,1902,Drj-1902,169,Community Hall 169,244,235,1,480,48.96
Darjeeling,1902,Drj-1902,170,Govt Office 170,309,280,1,590,47.46
Darjeeling,1902,Drj-1902,171,Community Hall 171,321,309,1,631,48.97
Darjeeling,1902,Drj-1902,172,High School 172,245,238,0,483,49.28
Darjeeling,1902,Drj-1902,173,Primary School 173,397,375,0,772,48.58
Darjeeling,1902,Drj-1902,174,High School 174,267,259,1,527,49.15
Darjeeling,1902,Drj-1902,175,Anganwadi Centre 175,347,334,1,682,48.97
Darjeeling,1902,Drj-1902,176,Madrasa 176,385,384,1,770,49.87
Darjeeling,1902,Drj-1902,177,High School 177,399,379,1,779,48.65
Darjeeling,1902,Drj-1902,178,Temple Hall 178,334,320,0,654,48.93
Darjeeling,1902,Drj-1902,179,Madrasa 179,368,335,1,704,47.59
Darjeeling,1902,Drj-1902,180,Panchayat Bhavan 180,369,370,0,739,50.07
Darjeeling,1902,Drj-1902,181,Panchayat Bhavan 181,390,395,1,786,50.25
Darjeeling,1902,Drj-1902,182,Market Building 182,316,314,1,631,49.76
Darjeeling,1902,Drj-1902,183,Anganwadi Centre 183,362,373,0,735,50.75
Darjeeling,1902,Drj-1902,184,Community Hall 184,408,395,1,804,49.13
Darjeeling,1902,Drj-1902,185,Community Hall 185,247,251,0,498,50.4
Darjeeling,1902,Drj-1902,186,Post Office 186,310,311,0,621,50.08
Darjeeling,1902,Drj-1902,187,Post Office 187,287,262,1,550,47.64
Darjeeling,1902,Drj-1902,188,Post Office 188,382,351,1,734,47.82
Darjeeling,1902,Drj-1902,189,Post Office 189,261,252,1,514,49.03
Darjeeling,1902,Drj-1902,190,Health Sub-Centre 190,406,400,0,806,49.63
Darjeeling,1902,Drj-1902,191,High School 191,337,303,0,640,47.34
Darjeeling,1902,Drj-1902,192,Health Sub-Centre 192,262,246,1,509,48.33
Darjeeling,1902,Drj-1902,193,Panchayat Bhavan 193,273,246,1,520,47.31
Darjeeling,1902,Drj-1902,194,Panchayat Bhavan 194,363,326,0,689,47.31
Darjeeling,1902,Drj-1902,195,Market Building 195,357,341,0,698,48.85
Darjeeling,1902,Drj-1902,196,Primary School 196,286,284,0,570,49.82
Darjeeling,1902,Drj-1902,197,Madrasa 197,385,348,1,734,47.41
Darjeeling,1902,Drj-1902,198,High School 198,285,285,0,570,50.0
Darjeeling,1902,Drj-1902,199,Primary School 199,314,313,0,627,49.92
Darjeeling,1902,Drj-1902,200,Govt Office 200,374,375,1,750,50.0
Darjeeling,1902,Drj-1902,201,Community Hall 201,409,409,0,818,50.0
Darjeeling,1902,Drj-1902,202,Panchayat Bhavan 202,373,338,0,711,47.54
Darjeeling,1902,Drj-1902,203,Club Building 203,246,255,1,502,50.8
Darjeeling,1902,Drj-1902,204,Primary School 204,287,290,0,577,50.26
Darjeeling,1902,Drj-1902,205,Club Building 205,375,385,1,761,50.59
Darjeeling,1902,Drj-1902,206,Community Hall 206,403,402,1,806,49.88
Darjeeling,1902,Drj-1902,207,Primary School 207,367,331,0,698,47.42
Darjeeling,1902,Drj-1902,208,Post Office 208,242,242,1,485,49.9
Darjeeling,1902,Drj-1902,209,Primary School 209,246,248,1,495,50.1
Darjeeling,1902,Drj-1902,210,Market Building 210,291,271,0,562,48.22
Darjeeling,1902,Drj-1902,211,Health Sub-Centre 211,340,351,1,692,50.72
Darjeeling,1902,Drj-1902,212,Primary School 212,247,251,0,498,50.4
Darjeeling,1902,Drj-1902,213,Community Hall 213,271,276,1,548,50.36
Darjeeling,1902,Drj-1902,214,Health Sub-Centre 214,308,295,0,603,48.92
Darjeeling,1902,Drj-1902,215,Health Sub-Centre 215,338,305,0,643,47.43
Darjeeling,1902,Drj-1902,216,Health Sub-Centre 216,388,379,0,767,49.41
Darjeeling,1902,Drj-1902,217,Primary School 217,299,282,0,581,48.54
Darjeeling,1902,Drj-1902,218,Panchayat Bhavan 218,376,367,0,743,49.39
Darjeeling,1902,Drj-1902,219,Anganwadi Centre 219,341,323,1,665,48.57
Darjeeling,1902,Drj-1902,220,Anganwadi Centre 220,271,244,0,515,47.38
Darjeeling,1902,Drj-1902,221,Madrasa 221,391,365,0,756,48.28
Darjeeling,1902,Drj-1902,222,High School 222,291,293,0,584,50.17
Darjeeling,1902,Drj-1902,223,Community Hall 223,322,295,1,618,47.73
Darjeeling,1902,Drj-1902,224,Temple Hall 224,379,376,0,755,49.8
Darjeeling,1902,Drj-1902,225,Temple Hall 225,265,240,0,505,47.52
Darjeeling,1902,Drj-1902,226,Panchayat Bhavan 226,306,292,1,599,48.75
Darjeeling,1902,Drj-1902,227,Health Sub-Centre 227,277,286,1,564,50.71
Darjeeling,1902,Drj-1902,228,Anganwadi Centre 228,397,369,1,767,48.11
Darjeeling,1902,Drj-1902,229,Club Building 229,281,288,1,570,50.53
Darjeeling,1902,Drj-1902,230,Health Sub-Centre 230,343,310,0,653,47.47
Darjeeling,1902,Drj-1902,231,Post Office 231,348,319,0,667,47.83
Darjeeling,1902,Drj-1902,232,Primary School 232,388,354,1,743,47.64
Darjeeling,1902,Drj-1902,233,Post Office 233,286,267,1,554,48.19
Darjeeling,1902,Drj-1902,234,Govt Office 234,385,385,1,771,49.94
Darjeeling,1902,Drj-1902,235,Community Hall 235,391,356,1,748,47.59
Darjeeling,1902,Drj-1902,236,Temple Hall 236,296,296,1,593,49.92
Darjeeling,1902,Drj-1902,237,Club Building 237,267,270,1,538,50.19
Darjeeling,1902,Drj-1902,238,Club Building 238,344,333,1,678,49.12
Darjeeling,1902,Drj-1902,239,Market Building 239,288,259,1,548,47.26
Darjeeling,1902,Drj-1902,240,Panchayat Bhavan 240,376,362,0,738,49.05
Darjeeling,1902,Drj-1902,241,Govt Office 241,285,286,1,572,50.0
Darjeeling,1902,Drj-1902,242,Primary School 242,281,288,1,570,50.53
Darjeeling,1902,Drj-1902,243,Panchayat Bhavan 243,245,241,0,486,49.59
Darjeeling,1902,Drj-1902,244,Post Office 244,326,297,0,623,47.67
Darjeeling,1902,Drj-1902,245,High School 245,298,297,0,595,49.92
Darjeeling,1902,Drj-1902,246,Community Hall 246,278,281,1,560,50.18
Darjeeling,1902,Drj-1902,247,Govt Office 247,316,325,0,641,50.7
Darjeeling,1902,Drj-1902,248,Primary School 248,237,243,1,481,50.52
Darjeeling,1902,Drj-1902,249,Madrasa 249,330,315,0,645,48.84
Darjeeling,1902,Drj-1902,250,Market Building 250,314,284,0,598,47.49
Darjeeling,1902,Drj-1902,251,Anganwadi Centre 251,337,327,1,665,49.17
Darjeeling,1902,Drj-1902,252,Primary School 252,397,376,1,774,48.58
Darjeeling,1902,Drj-1902,253,Primary School 253,265,249,1,515,48.35
Darjeeling,1903,Drj-1903,1,Market Building 1,360,350,1,711,49.23
Darjeeling,1903,Drj-1903,2,Health Sub-Centre 2,405,369,0,774,47.67
Darjeeling,1903,Drj-1903,3,Health Sub-Centre 3,275,259,0,534,48.5
Darjeeling,1903,Drj-1903,4,Community Hall 4,343,309,1,653,47.32
Darjeeling,1903,Drj-1903,5,Health Sub-Centre 5,309,306,0,615,49.76
Darjeeling,1903,Drj-1903,6,Anganwadi Centre 6,245,237,1,483,49.07
Darjeeling,1903,Drj-1903,7,High School 7,425,384,1,810,47.41
Darjeeling,1903,Drj-1903,8,Community Hall 8,300,289,1,590,48.98
Darjeeling,1903,Drj-1903,9,Community Hall 9,256,265,1,522,50.77
Darjeeling,1903,Drj-1903,10,Panchayat Bhavan 10,347,320,0,667,47.98
Darjeeling,1903,Drj-1903,11,Temple Hall 11,418,398,1,817,48.71
Darjeeling,1903,Drj-1903,12,Market Building 12,305,291,0,596,48.83
Darjeeling,1903,Drj-1903,13,Madrasa 13,366,355,0,721,49.24
Darjeeling,1903,Drj-1903,14,Primary School 14,341,341,0,682,50.0
Darjeeling,1903,Drj-1903,15,Primary School 15,296,305,0,601,50.75
Darjeeling,1903,Drj-1903,16,Post Office 16,322,301,0,623,48.31
Darjeeling,1903,Drj-1903,17,Anganwadi Centre 17,242,243,0,485,50.1
Darjeeling,1903,Drj-1903,18,Health Sub-Centre 18,251,233,0,484,48.14
Darjeeling,1903,Drj-1903,19,Community Hall 19,409,404,1,814,49.63
Darjeeling,1903,Drj-1903,20,Temple Hall 20,345,330,0,675,48.89
Darjeeling,1903,Drj-1903,21,Panchayat Bhavan 21,378,382,1,761,50.2
Darjeeling,1903,Drj-1903,22,Govt Office 22,259,246,0,505,48.71
Darjeeling,1903,Drj-1903,23,High School 23,330,296,1,627,47.21
Darjeeling,1903,Drj-1903,24,Panchayat Bhavan 24,290,267,1,558,47.85
Darjeeling,1903,Drj-1903,25,Club Building 25,299,295,1,595,49.58
Darjeeling,1903,Drj-1903,26,Govt Office 26,270,255,1,526,48.48
Darjeeling,1903,Drj-1903,27,Health Sub-Centre 27,321,290,0,611,47.46
Darjeeling,1903,Drj-1903,28,Market Building 28,273,256,1,530,48.3
Darjeeling,1903,Drj-1903,29,Madrasa 29,394,367,1,762,48.16
Darjeeling,1903,Drj-1903,30,Post Office 30,351,349,0,700,49.86
Darjeeling,1903,Drj-1903,31,Anganwadi Centre 31,322,290,1,613,47.31
Darjeeling,1903,Drj-1903,32,Temple Hall 32,383,343,0,726,47.25
Darjeeling,1903,Drj-1903,33,Madrasa 33,263,237,1,501,47.31
Darjeeling,1903,Drj-1903,34,High School 34,345,318,0,663,47.96
Darjeeling,1903,Drj-1903,35,Temple Hall 35,424,388,1,813,47.72
Darjeeling,1903,Drj-1903,36,Community Hall 36,286,265,1,552,48.01
Darjeeling,1903,Drj-1903,37,Health Sub-Centre 37,292,275,0,567,48.5
Darjeeling,1903,Drj-1903,38,Primary School 38,263,269,1,533,50.47
Darjeeling,1903,Drj-1903,39,Community Hall 39,412,396,0,808,49.01
Darjeeling,1903,Drj-1903,40,Madrasa 40,402,414,1,817,50.67
Darjeeling,1903,Drj-1903,41,Market Building 41,333,329,0,662,49.7
Darjeeling,1903,Drj-1903,42,Primary School 42,387,392,1,780,50.26
Darjeeling,1903,Drj-1903,43,High School 43,263,257,0,520,49.42
Darjeeling,1903,Drj-1903,44,Temple Hall 44,265,262,1,528,49.62
Darjeeling,1903,Drj-1903,45,Post Office 45,296,281,1,578,48.62
Darjeeling,1903,Drj-1903,46,Club Building 46,381,356,0,737,48.3
Darjeeling,1903,Drj-1903,47,Panchayat Bhavan 47,345,329,1,675,48.74
Darjeeling,1903,Drj-1903,48,Club Building 48,349,345,0,694,49.71
Darjeeling,1903,Drj-1903,49,Madrasa 49,291,273,0,564,48.4
Darjeeling,1903,Drj-1903,50,Anganwadi Centre 50,414,393,0,807,48.7
Darjeeling,1903,Drj-1903,51,Temple Hall 51,427,385,1,813,47.36
Darjeeling,1903,Drj-1903,52,Post Office 52,356,325,1,682,47.65
Darjeeling,1903,Drj-1903,53,Community Hall 53,265,243,0,508,47.83
Darjeeling,1903,Drj-1903,54,Madrasa 54,254,250,1,505,49.5
Darjeeling,1903,Drj-1903,55,Market Building 55,347,312,0,659,47.34
Darjeeling,1903,Drj-1903,56,Madrasa 56,398,404,0,802,50.37
Darjeeling,1903,Drj-1903,57,Community Hall 57,366,347,0,713,48.67
Darjeeling,1903,Drj-1903,58,Panchayat Bhavan 58,267,252,0,519,48.55
Darjeeling,1903,Drj-1903,59,Post Office 59,366,347,1,714,48.6
Darjeeling,1903,Drj-1903,60,Primary School 60,369,348,0,717,48.54
Darjeeling,1903,Drj-1903,61,Temple Hall 61,332,317,0,649,48.84
Darjeeling,1903,Drj-1903,62,Govt Office 62,364,374,1,739,50.61
Darjeeling,1903,Drj-1903,63,Govt Office 63,383,376,0,759,49.54
Darjeeling,1903,Drj-1903,64,Post Office 64,289,294,0,583,50.43
Darjeeling,1903,Drj-1903,65,Panchayat Bhavan 65,343,338,1,682,49.56
Darjeeling,1903,Drj-1903,66,High School 66,305,312,0,617,50.57
Darjeeling,1903,Drj-1903,67,Govt Office 67,246,234,1,481,48.65
Darjeeling,1903,Drj-1903,68,Club Building 68,378,378,0,756,50.0
Darjeeling,1903,Drj-1903,69,High School 69,294,294,1,589,49.92
Darjeeling,1903,Drj-1903,70,Panchayat Bhavan 70,333,318,1,652,48.77
Darjeeling,1903,Drj-1903,71,Panchayat Bhavan 71,283,266,1,550,48.36
Darjeeling,1903,Drj-1903,72,Health Sub-Centre 72,385,357,1,743,48.05
Darjeeling,1903,Drj-1903,73,Post Office 73,374,344,0,718,47.91
Darjeeling,1903,Drj-1903,74,Health Sub-Centre 74,301,294,1,596,49.33
Darjeeling,1903,Drj-1903,75,Madrasa 75,306,304,0,610,49.84
Darjeeling,1903,Drj-1903,76,Post Office 76,403,376,0,779,48.27
Darjeeling,1903,Drj-1903,77,Anganwadi Centre 77,309,279,0,588,47.45
Darjeeling,1903,Drj-1903,78,Govt Office 78,295,306,1,602,50.83
Darjeeling,1903,Drj-1903,79,Health Sub-Centre 79,305,282,0,587,48.04
Darjeeling,1903,Drj-1903,80,Market Building 80,262,257,1,520,49.42
Darjeeling,1903,Drj-1903,81,Health Sub-Centre 81,367,338,0,705,47.94
Darjeeling,1903,Drj-1903,82,Health Sub-Centre 82,316,307,1,624,49.2
Darjeeling,1903,Drj-1903,83,Madrasa 83,245,242,0,487,49.69
Darjeeling,1903,Drj-1903,84,Post Office 84,411,388,0,799,48.56
Darjeeling,1903,Drj-1903,85,Market Building 85,378,383,0,761,50.33
Darjeeling,1903,Drj-1903,86,Health Sub-Centre 86,362,361,1,724,49.86
Darjeeling,1903,Drj-1903,87,Market Building 87,339,345,0,684,50.44
Darjeeling,1903,Drj-1903,88,Panchayat Bhavan 88,352,351,1,704,49.86
Darjeeling,1903,Drj-1903,89,Health Sub-Centre 89,385,395,1,781,50.58
Darjeeling,1903,Drj-1903,90,Club Building 90,241,241,0,482,50.0
Darjeeling,1903,Drj-1903,91,Temple Hall 91,275,265,1,541,48.98
Darjeeling,1903,Drj-1903,92,Primary School 92,385,387,1,773,50.06
Darjeeling,1903,Drj-1903,93,Madrasa 93,255,244,1,500,48.8
Darjeeling,1903,Drj-1903,94,Madrasa 94,271,261,0,532,49.06
Darjeeling,1903,Drj-1903,95,Post Office 95,351,357,0,708,50.42
Darjeeling,1903,Drj-1903,96,Primary School 96,315,288,0,603,47.76
Darjeeling,1903,Drj-1903,97,Club Building 97,355,324,1,680,47.65
Darjeeling,1903,Drj-1903,98,Anganwadi Centre 98,329,299,1,629,47.54
Darjeeling,1903,Drj-1903,99,Club Building 99,393,373,1,767,48.63
Darjeeling,1903,Drj-1903,100,High School 100,354,364,1,719,50.63
Darjeeling,1903,Drj-1903,101,Community Hall 101,264,250,0,514,48.64
Darjeeling,1903,Drj-1903,102,Govt Office 102,382,351,0,733,47.89
Darjeeling,1903,Drj-1903,103,Madrasa 103,368,381,1,750,50.8
Darjeeling,1903,Drj-1903,104,Club Building 104,279,287,1,567,50.62
Darjeeling,1903,Drj-1903,105,Anganwadi Centre 105,276,286,1,563,50.8
Darjeeling,1903,Drj-1903,106,Panchayat Bhavan 106,335,328,1,664,49.4
Darjeeling,1903,Drj-1903,107,Panchayat Bhavan 107,265,263,0,528,49.81
Darjeeling,1903,Drj-1903,108,Temple Hall 108,256,244,0,500,48.8
Darjeeling,1903,Drj-1903,109,Primary School 109,386,379,1,766,49.48
Darjeeling,1903,Drj-1903,110,Anganwadi Centre 110,403,385,1,789,48.8
Darjeeling,1903,Drj-1903,111,Primary School 111,317,286,0,603,47.43
Darjeeling,1903,Drj-1903,112,Temple Hall 112,386,385,0,771,49.94
Darjeeling,1903,Drj-1903,113,Post Office 113,282,282,0,564,50.0
Darjeeling,1903,Drj-1903,114,High School 114,349,346,0,695,49.78
Darjeeling,1903,Drj-1903,115,Govt Office 115,288,265,1,554,47.83
Darjeeling,1903,Drj-1903,116,Govt Office 116,276,255,1,532,47.93
Darjeeling,1903,Drj-1903,117,Anganwadi Centre 117,429,384,0,813,47.23
Darjeeling,1903,Drj-1903,118,Madrasa 118,343,311,0,654,47.55
Darjeeling,1903,Drj-1903,119,Panchayat Bhavan 119,304,275,1,580,47.41
Darjeeling,1903,Drj-1903,120,Community Hall 120,387,376,1,764,49.21
Darjeeling,1903,Drj-1903,121,Community Hall 121,323,302,1,626,48.24
Darjeeling,1903,Drj-1903,122,Market Building 122,374,361,0,735,49.12
Darjeeling,1903,Drj-1903,123,Community Hall 123,310,307,1,618,49.68
Darjeeling,1903,Drj-1903,124,Anganwadi Centre 124,417,383,1,801,47.82
Darjeeling,1903,Drj-1903,125,Community Hall 125,305,281,0,586,47.95
Darjeeling,1903,Drj-1903,126,Primary School 126,378,348,1,727,47.87
Darjeeling,1903,Drj-1903,127,Club Building 127,377,372,0,749,49.67
Darjeeling,1903,Drj-1903,128,Club Building 128,251,252,1,504,50.0
Darjeeling,1903,Drj-1903,129,Anganwadi Centre 129,309,280,0,589,47.54
Darjeeling,1903,Drj-1903,130,Post Office 130,341,351,0,692,50.72
Darjeeling,1903,Drj-1903,131,Primary School 131,395,398,1,794,50.13
Darjeeling,1903,Drj-1903,132,Panchayat Bhavan 132,339,337,1,677,49.78
Darjeeling,1903,Drj-1903,133,Anganwadi Centre 133,360,350,1,711,49.23
Darjeeling,1903,Drj-1903,134,Market Building 134,389,380,0,769,49.41
Darjeeling,1903,Drj-1903,135,Market Building 135,288,259,0,547,47.35
Darjeeling,1903,Drj-1903,136,Primary School 136,260,259,1,520,49.81
Darjeeling,1903,Drj-1903,137,Health Sub-Centre 137,297,275,0,572,48.08
Darjeeling,1903,Drj-1903,138,Community Hall 138,239,242,1,482,50.21
Darjeeling,1903,Drj-1903,139,Madrasa 139,253,228,0,481,47.4
Darjeeling,1903,Drj-1903,140,Temple Hall 140,405,413,0,818,50.49
Darjeeling,1903,Drj-1903,141,High School 141,371,346,0,717,48.26
Darjeeling,1903,Drj-1903,142,Panchayat Bhavan 142,385,346,1,732,47.27
Darjeeling,1903,Drj-1903,143,High School 143,324,313,0,637,49.14
Darjeeling,1903,Drj-1903,144,Health Sub-Centre 144,265,247,0,512,48.24
Darjeeling,1903,Drj-1903,145,Govt Office 145,403,403,0,806,50.0
Darjeeling,1903,Drj-1903,146,Health Sub-Centre 146,420,391,1,812,48.15
Darjeeling,1903,Drj-1903,147,Primary School 147,330,332,0,662,50.15
Darjeeling,1903,Drj-1903,148,Market Building 148,365,360,1,726,49.59
Darjeeling,1903,Drj-1903,149,Post Office 149,295,282,1,578,48.79
Darjeeling,1903,Drj-1903,150,Community Hall 150,284,286,1,571,50.09
Darjeeling,1903,Drj-1903,151,Temple Hall 151,379,389,0,768,50.65
Darjeeling,1903,Drj-1903,152,Community Hall 152,353,339,1,693,48.92
Darjeeling,1903,Drj-1903,153,Market Building 153,401,379,0,780,48.59
Darjeeling,1903,Drj-1903,154,Govt Office 154,323,308,0,631,48.81
Darjeeling,1903,Drj-1903,155,Madrasa 155,336,312,1,649,48.07
Darjeeling,1903,Drj-1903,156,Health Sub-Centre 156,417,378,0,795,47.55
Darjeeling,1903,Drj-1903,157,Club Building 157,401,372,1,774,48.06
Darjeeling,1903,Drj-1903,158,Primary School 158,260,237,1,498,47.59
Darjeeling,1903,Drj-1903,159,Panchayat Bhavan 159,352,339,1,692,48.99
Darjeeling,1903,Drj-1903,160,Anganwadi Centre 160,406,412,1,819,50.31
Darjeeling,1903,Drj-1903,161,Temple Hall 161,344,341,0,685,49.78
Darjeeling,1903,Drj-1903,162,Community Hall 162,332,330,1,663,49.77
Darjeeling,1903,Drj-1903,163,High School 163,401,402,0,803,50.06
Darjeeling,1903,Drj-1903,164,Primary School 164,305,290,0,595,48.74
Darjeeling,1903,Drj-1903,165,Govt Office 165,242,242,1,485,49.9
Darjeeling,1903,Drj-1903,166,Post Office 166,257,250,0,507,49.31
Darjeeling,1903,Drj-1903,167,Temple Hall 167,366,373,0,739,50.47
Darjeeling,1903,Drj-1903,168,High School 168,298,281,0,579,48.53
Darjeeling,1903,Drj-1903,169,Post Office 169,328,300,1,629,47.69
Darjeeling,1903,Drj-1903,170,High School 170,398,398,0,796,50.0
Darjeeling,1903,Drj-1903,171,Community Hall 171,398,401,0,799,50.19
Darjeeling,1903,Drj-1903,172,Post Office 172,396,370,1,767,48.24
Darjeeling,1903,Drj-1903,173,Community Hall 173,360,328,1,689,47.61
Darjeeling,1903,Drj-1903,174,Club Building 174,409,407,0,816,49.88
Darjeeling,1903,Drj-1903,175,Madrasa 175,378,388,1,767,50.59
Darjeeling,1903,Drj-1903,176,Temple Hall 176,270,267,1,538,49.63
Darjeeling,1903,Drj-1903,177,Anganwadi Centre 177,384,362,0,746,48.53
Darjeeling,1903,Drj-1903,178,Market Building 178,430,390,0,820,47.56
Darjeeling,1903,Drj-1903,179,Anganwadi Centre 179,337,317,0,654,48.47
Darjeeling,1903,Drj-1903,180,Temple Hall 180,373,372,1,746,49.87
Darjeeling,1903,Drj-1903,181,Govt Office 181,250,237,1,488,48.57
Darjeeling,1903,Drj-1903,182,Madrasa 182,341,352,1,694,50.72
Darjeeling,1903,Drj-1903,183,Primary School 183,409,386,1,796,48.49
Darjeeling,1903,Drj-1903,184,Post Office 184,411,409,0,820,49.88
Darjeeling,1903,Drj-1903,185,Panchayat Bhavan 185,297,287,0,584,49.14
Darjeeling,1903,Drj-1903,186,Madrasa 186,247,241,1,489,49.28
Darjeeling,1903,Drj-1903,187,Govt Office 187,333,339,0,672,50.45
Darjeeling,1903,Drj-1903,188,Community Hall 188,331,302,0,633,47.71
Darjeeling,1903,Drj-1903,189,Anganwadi Centre 189,394,378,1,773,48.9
Darjeeling,1903,Drj-1903,190,Madrasa 190,341,337,0,678,49.71
Darjeeling,1903,Drj-1903,191,High School 191,274,282,1,557,50.63
Darjeeling,1903,Drj-1903,192,Market Building 192,260,237,0,497,47.69
Darjeeling,1903,Drj-1903,193,Post Office 193,259,253,0,512,49.41
Darjeeling,1903,Drj-1903,194,Market Building 194,355,336,1,692,48.55
Darjeeling,1903,Drj-1903,195,Anganwadi Centre 195,316,316,0,632,50.0
Darjeeling,1903,Drj-1903,196,Primary School 196,331,318,0,649,49.0
Darjeeling,1903,Drj-1903,197,Community Hall 197,249,241,1,491,49.08
Darjeeling,1903,Drj-1903,198,Health Sub-Centre 198,249,238,0,487,48.87
Darjeeling,1903,Drj-1903,199,Post Office 199,418,393,0,811,48.46
Darjeeling,1903,Drj-1903,200,High School 200,358,348,0,706,49.29
Darjeeling,1903,Drj-1903,201,Govt Office 201,279,285,1,565,50.44
Darjeeling,1903,Drj-1903,202,High School 202,384,352,1,737,47.76
Darjeeling,1903,Drj-1903,203,Market Building 203,350,333,1,684,48.68
Darjeeling,1903,Drj-1903,204,Temple Hall 204,257,251,0,508,49.41
Darjeeling,1903,Drj-1903,205,Panchayat Bhavan 205,323,294,1,618,47.57
Darjeeling,1903,Drj-1903,206,Madrasa 206,243,244,0,487,50.1
Darjeeling,1903,Drj-1903,207,Market Building 207,335,309,1,645,47.91
Darjeeling,1903,Drj-1903,208,Madrasa 208,371,369,1,741,49.8
Darjeeling,1903,Drj-1903,209,Health Sub-Centre 209,385,365,0,750,48.67
Darjeeling,1903,Drj-1903,210,Post Office 210,422,390,1,813,47.97
Darjeeling,1903,Drj-1903,211,Madrasa 211,363,359,0,722,49.72
Darjeeling,1903,Drj-1903,212,Post Office 212,351,357,1,709,50.35
Darjeeling,1903,Drj-1903,213,Community Hall 213,315,295,0,610,48.36
Darjeeling,1903,Drj-1903,214,Market Building 214,373,365,0,738,49.46
Darjeeling,1903,Drj-1903,215,Temple Hall 215,257,264,1,522,50.57
Darjeeling,1903,Drj-1903,216,Govt Office 216,276,253,0,529,47.83
Darjeeling,1903,Drj-1903,217,High School 217,261,251,0,512,49.02
Darjeeling,1903,Drj-1903,218,Madrasa 218,285,256,1,542,47.23
Darjeeling,1903,Drj-1903,219,Govt Office 219,299,298,0,597,49.92
Darjeeling,1903,Drj-1903,220,Primary School 220,388,402,1,791,50.82
Darjeeling,1903,Drj-1903,221,Anganwadi Centre 221,294,304,0,598,50.84
Darjeeling,1903,Drj-1903,222,Panchayat Bhavan 222,381,353,1,735,48.03
Darjeeling,1903,Drj-1903,223,Primary School 223,285,257,1,543,47.33
Darjeeling,1903,Drj-1903,224,Post Office 224,275,278,0,553,50.27
Darjeeling,1903,Drj-1903,225,Post Office 225,324,334,1,659,50.68
Darjeeling,1903,Drj-1903,226,Temple Hall 226,289,279,1,569,49.03
Darjeeling,1903,Drj-1903,227,Temple Hall 227,397,404,1,802,50.37
Darjeeling,1903,Drj-1903,228,Madrasa 228,302,305,1,608,50.16
Darjeeling,1903,Drj-1903,229,Community Hall 229,337,313,0,650,48.15
Darjeeling,1903,Drj-1903,230,Community Hall 230,405,402,1,808,49.75
Darjeeling,1903,Drj-1903,231,High School 231,257,242,1,500,48.4
Darjeeling,1903,Drj-1903,232,Anganwadi Centre 232,237,243,0,480,50.62
Darjeeling,1903,Drj-1903,233,Market Building 233,387,388,1,776,50.0
Darjeeling,1903,Drj-1903,234,Govt Office 234,306,300,1,607,49.42
Darjeeling,1903,Drj-1903,235,Madrasa 235,341,350,0,691,50.65
Darjeeling,1903,Drj-1903,236,Panchayat Bhavan 236,290,284,0,574,49.48
Darjeeling,1903,Drj-1903,237,Club Building 237,264,246,1,511,48.14
Darjeeling,1903,Drj-1903,238,Panchayat Bhavan 238,357,344,1,702,49.0
Darjeeling,1903,Drj-1903,239,Market Building 239,371,351,0,722,48.61
Darjeeling,1903,Drj-1903,240,High School 240,411,390,0,801,48.69
Darjeeling,1903,Drj-1903,241,Temple Hall 241,286,291,1,578,50.35
Darjeeling,1903,Drj-1903,242,Health Sub-Centre 242,407,363,0,770,47.14
Darjeeling,1903,Drj-1903,243,Temple Hall 243,288,263,0,551,47.73
Darjeeling,1903,Drj-1903,244,Govt Office 244,286,290,0,576,50.35
Darjeeling,1903,Drj-1903,245,Panchayat Bhavan 245,379,391,1,771,50.71
Darjeeling,1903,Drj-1903,246,Market Building 246,284,260,0,544,47.79
Darjeeling,1903,Drj-1903,247,Temple Hall 247,309,285,1,595,47.9
Darjeeling,1903,Drj-1903,248,Post Office 248,338,322,1,661,48.71
Darjeeling,1904,Drj-1904,1,Temple Hall 1,319,314,1,634,49.53
Darjeeling,1904,Drj-1904,2,Market Building 2,304,276,1,581,47.5
Darjeeling,1904,Drj-1904,3,Primary School 3,363,345,0,708,48.73
Darjeeling,1904,Drj-1904,4,Madrasa 4,303,290,1,594,48.82
Darjeeling,1904,Drj-1904,5,Govt Office 5,351,346,0,697,49.64
Darjeeling,1904,Drj-1904,6,Health Sub-Centre 6,331,297,0,628,47.29
Darjeeling,1904,Drj-1904,7,Post Office 7,410,378,0,788,47.97
Darjeeling,1904,Drj-1904,8,Panchayat Bhavan 8,288,265,1,554,47.83
Darjeeling,1904,Drj-1904,9,Market Building 9,294,284,1,579,49.05
Darjeeling,1904,Drj-1904,10,Panchayat Bhavan 10,333,302,0,635,47.56
Darjeeling,1904,Drj-1904,11,Madrasa 11,241,246,0,487,50.51
Darjeeling,1904,Drj-1904,12,Madrasa 12,280,258,1,539,47.87
Darjeeling,1904,Drj-1904,13,Community Hall 13,425,385,1,811,47.47
Darjeeling,1904,Drj-1904,14,High School 14,327,329,1,657,50.08
Darjeeling,1904,Drj-1904,15,Club Building 15,272,264,0,536,49.25
Darjeeling,1904,Drj-1904,16,Panchayat Bhavan 16,279,255,1,535,47.66
Darjeeling,1904,Drj-1904,17,Anganwadi Centre 17,343,338,0,681,49.63
Darjeeling,1904,Drj-1904,18,Health Sub-Centre 18,276,269,1,546,49.27
Darjeeling,1904,Drj-1904,19,Govt Office 19,393,404,0,797,50.69
Darjeeling,1904,Drj-1904,20,Post Office 20,300,292,1,593,49.24
Darjeeling,1904,Drj-1904,21,Club Building 21,412,393,0,805,48.82
Darjeeling,1904,Drj-1904,22,Community Hall 22,396,399,1,796,50.13
Darjeeling,1904,Drj-1904,23,Post Office 23,250,231,0,481,48.02
Darjeeling,1904,Drj-1904,24,Temple Hall 24,359,340,0,699,48.64
Darjeeling,1904,Drj-1904,25,Anganwadi Centre 25,335,322,1,658,48.94
Darjeeling,1904,Drj-1904,26,Community Hall 26,388,356,1,745,47.79
Darjeeling,1904,Drj-1904,27,Market Building 27,292,276,1,569,48.51
Darjeeling,1904,Drj-1904,28,Health Sub-Centre 28,360,369,0,729,50.62
Darjeeling,1904,Drj-1904,29,Primary School 29,269,252,1,522,48.28
Darjeeling,1904,Drj-1904,30,Community Hall 30,412,372,1,785,47.39
Darjeeling,1904,Drj-1904,31,Community Hall 31,388,385,1,774,49.74
Darjeeling,1904,Drj-1904,32,Primary School 32,335,343,0,678,50.59
Darjeeling,1904,Drj-1904,33,Primary School 33,328,315,0,643,48.99
Darjeeling,1904,Drj-1904,34,Anganwadi Centre 34,303,280,0,583,48.03
Darjeeling,1904,Drj-1904,35,Community Hall 35,309,318,1,628,50.64
Darjeeling,1904,Drj-1904,36,Health Sub-Centre 36,426,392,1,819,47.86
Darjeeling,1904,Drj-1904,37,Temple Hall 37,265,248,0,513,48.34
Darjeeling,1904,Drj-1904,38,Primary School 38,286,279,0,565,49.38
Darjeeling,1904,Drj-1904,39,Club Building 39,310,302,0,612,49.35
Darjeeling,1904,Drj-1904,40,Market Building 40,318,316,1,635,49.76
Darjeeling,1904,Drj-1904,41,Post Office 41,362,334,0,696,47.99
Darjeeling,1904,Drj-1904,42,Primary School 42,379,348,1,728,47.8
Darjeeling,1904,Drj-1904,43,Club Building 43,297,304,0,601,50.58
Darjeeling,1904,Drj-1904,44,Madrasa 44,339,339,1,679,49.93
Darjeeling,1904,Drj-1904,45,Health Sub-Centre 45,361,327,1,689,47.46
Darjeeling,1904,Drj-1904,46,Community Hall 46,340,314,0,654,48.01
Darjeeling,1904,Drj-1904,47,Temple Hall 47,354,365,1,720,50.69
Darjeeling,1904,Drj-1904,48,Club Building 48,347,335,0,682,49.12
Darjeeling,1904,Drj-1904,49,Panchayat Bhavan 49,291,290,0,581,49.91
Darjeeling,1904,Drj-1904,50,Panchayat Bhavan 50,321,308,1,630,48.89
Darjeeling,1904,Drj-1904,51,Anganwadi Centre 51,400,409,0,809,50.56
Darjeeling,1904,Drj-1904,52,Community Hall 52,395,373,1,769,48.5
Darjeeling,1904,Drj-1904,53,High School 53,370,373,0,743,50.2
Darjeeling,1904,Drj-1904,54,Anganwadi Centre 54,271,247,1,519,47.59
Darjeeling,1904,Drj-1904,55,Market Building 55,267,249,1,517,48.16
Darjeeling,1904,Drj-1904,56,Madrasa 56,385,356,1,742,47.98
Darjeeling,1904,Drj-1904,57,Club Building 57,291,293,0,584,50.17
Darjeeling,1904,Drj-1904,58,Madrasa 58,305,306,0,611,50.08
Darjeeling,1904,Drj-1904,59,Market Building 59,363,370,1,734,50.41
Darjeeling,1904,Drj-1904,60,Govt Office 60,382,352,0,734,47.96
Darjeeling,1904,Drj-1904,61,Anganwadi Centre 61,357,339,0,696,48.71
Darjeeling,1904,Drj-1904,62,Club Building 62,412,403,0,815,49.45
Darjeeling,1904,Drj-1904,63,Govt Office 63,392,376,1,769,48.89
Darjeeling,1904,Drj-1904,64,Market Building 64,311,310,0,621,49.92
Darjeeling,1904,Drj-1904,65,Anganwadi Centre 65,296,277,0,573,48.34
Darjeeling,1904,Drj-1904,66,Community Hall 66,248,255,0,503,50.7
Darjeeling,1904,Drj-1904,67,Temple Hall 67,331,315,1,647,48.69
Darjeeling,1904,Drj-1904,68,Anganwadi Centre 68,278,252,0,530,47.55
Darjeeling,1904,Drj-1904,69,Panchayat Bhavan 69,311,287,1,599,47.91
Darjeeling,1904,Drj-1904,70,Market Building 70,308,295,0,603,48.92
Darjeeling,1904,Drj-1904,71,Health Sub-Centre 71,263,246,0,509,48.33
Darjeeling,1904,Drj-1904,72,Anganwadi Centre 72,305,316,1,622,50.8
Darjeeling,1904,Drj-1904,73,Primary School 73,255,247,1,503,49.11
Darjeeling,1904,Drj-1904,74,Market Building 74,293,269,1,563,47.78
Darjeeling,1904,Drj-1904,75,Club Building 75,400,389,1,790,49.24
Darjeeling,1904,Drj-1904,76,High School 76,245,238,0,483,49.28
Darjeeling,1904,Drj-1904,77,Anganwadi Centre 77,278,285,0,563,50.62
Darjeeling,1904,Drj-1904,78,Post Office 78,322,289,0,611,47.3
Darjeeling,1904,Drj-1904,79,Market Building 79,326,329,0,655,50.23
Darjeeling,1904,Drj-1904,80,Temple Hall 80,251,247,0,498,49.6
Darjeeling,1904,Drj-1904,81,Community Hall 81,343,336,0,679,49.48
Darjeeling,1904,Drj-1904,82,Govt Office 82,330,313,1,644,48.6
Darjeeling,1904,Drj-1904,83,Health Sub-Centre 83,283,288,0,571,50.44
Darjeeling,1904,Drj-1904,84,Club Building 84,358,366,0,724,50.55
Darjeeling,1904,Drj-1904,85,Post Office 85,250,237,1,488,48.57
Darjeeling,1904,Drj-1904,86,Govt Office 86,347,352,1,700,50.29
Darjeeling,1904,Drj-1904,87,Temple Hall 87,405,370,0,775,47.74
Darjeeling,1904,Drj-1904,88,Anganwadi Centre 88,242,240,0,482,49.79
Darjeeling,1904,Drj-1904,89,Market Building 89,374,366,0,740,49.46
Darjeeling,1904,Drj-1904,90,Health Sub-Centre 90,306,307,1,614,50.0
Darjeeling,1904,Drj-1904,91,Club Building 91,359,339,1,699,48.5
Darjeeling,1904,Drj-1904,92,Post Office 92,310,311,1,622,50.0
Darjeeling,1904,Drj-1904,93,Health Sub-Centre 93,247,235,0,482,48.76
Darjeeling,1904,Drj-1904,94,Market Building 94,253,248,0,501,49.5
Darjeeling,1904,Drj-1904,95,High School 95,282,267,0,549,48.63
Darjeeling,1904,Drj-1904,96,Post Office 96,363,335,0,698,47.99
Darjeeling,1904,Drj-1904,97,Club Building 97,336,342,0,678,50.44
Darjeeling,1904,Drj-1904,98,Post Office 98,388,371,1,760,48.82
Darjeeling,1904,Drj-1904,99,High School 99,277,271,1,549,49.36
Darjeeling,1904,Drj-1904,100,Club Building 100,396,360,0,756,47.62
Darjeeling,1904,Drj-1904,101,Primary School 101,357,326,1,684,47.66
Darjeeling,1904,Drj-1904,102,Temple Hall 102,329,297,1,627,47.37
Darjeeling,1904,Drj-1904,103,Health Sub-Centre 103,400,369,0,769,47.98
Darjeeling,1904,Drj-1904,104,High School 104,396,382,1,779,49.04
Darjeeling,1904,Drj-1904,105,Community Hall 105,336,302,0,638,47.34
Darjeeling,1904,Drj-1904,106,Post Office 106,335,329,0,664,49.55
Darjeeling,1904,Drj-1904,107,Temple Hall 107,257,257,1,515,49.9
Darjeeling,1904,Drj-1904,108,Govt Office 108,403,373,0,776,48.07
Darjeeling,1904,Drj-1904,109,Madrasa 109,241,250,1,492,50.81
Darjeeling,1904,Drj-1904,110,Panchayat Bhavan 110,351,359,0,710,50.56
Darjeeling,1904,Drj-1904,111,Anganwadi Centre 111,396,405,0,801,50.56
Darjeeling,1904,Drj-1904,112,Madrasa 112,338,342,1,681,50.22
Darjeeling,1904,Drj-1904,113,Market Building 113,356,345,1,702,49.15
Darjeeling,1904,Drj-1904,114,Post Office 114,286,267,0,553,48.28
Darjeeling,1904,Drj-1904,115,Anganwadi Centre 115,294,285,1,580,49.14
Darjeeling,1904,Drj-1904,116,Community Hall 116,275,263,1,539,48.79
Darjeeling,1904,Drj-1904,117,Madrasa 117,294,268,0,562,47.69
Darjeeling,1904,Drj-1904,118,Market Building 118,247,241,1,489,49.28
Darjeeling,1904,Drj-1904,119,Post Office 119,343,331,1,675,49.04
Darjeeling,1904,Drj-1904,120,Madrasa 120,364,346,0,710,48.73
Darjeeling,1904,Drj-1904,121,Govt Office 121,325,301,0,626,48.08
Darjeeling,1904,Drj-1904,122,Anganwadi Centre 122,395,384,0,779,49.29
Darjeeling,1904,Drj-1904,123,Market Building 123,316,316,1,633,49.92
Darjeeling,1904,Drj-1904,124,Govt Office 124,323,322,0,645,49.92
Darjeeling,1904,Drj-1904,125,Post Office 125,357,321,1,679,47.28
Darjeeling,1904,Drj-1904,126,Anganwadi Centre 126,330,310,1,641,48.36
Darjeeling,1904,Drj-1904,127,Market Building 127,287,261,0,548,47.63
Darjeeling,1904,Drj-1904,128,Primary School 128,327,301,1,629,47.85
Darjeeling,1904,Drj-1904,129,Madrasa 129,348,326,1,675,48.3
Darjeeling,1904,Drj-1904,130,Panchayat Bhavan 130,322,327,0,649,50.39
Darjeeling,1904,Drj-1904,131,Temple Hall 131,320,305,0,625,48.8
Darjeeling,1904,Drj-1904,132,Govt Office 132,248,248,0,496,50.0
Darjeeling,1904,Drj-1904,133,Temple Hall 133,370,359,0,729,49.25
Darjeeling,1904,Drj-1904,134,Club Building 134,246,254,1,501,50.7
Darjeeling,1904,Drj-1904,135,Madrasa 135,256,263,0,519,50.67
Darjeeling,1904,Drj-1904,136,Health Sub-Centre 136,262,242,0,504,48.02
Darjeeling,1904,Drj-1904,137,Madrasa 137,426,390,1,817,47.74
Darjeeling,1904,Drj-1904,138,Primary School 138,295,285,0,580,49.14
Darjeeling,1904,Drj-1904,139,Post Office 139,291,288,1,580,49.66
Darjeeling,1904,Drj-1904,140,Community Hall 140,287,294,0,581,50.6
Darjeeling,1904,Drj-1904,141,Club Building 141,376,383,1,760,50.39
Darjeeling,1904,Drj-1904,142,Community Hall 142,420,386,1,807,47.83
Darjeeling,1904,Drj-1904,143,Primary School 143,375,381,1,757,50.33
Darjeeling,1904,Drj-1904,144,High School 144,288,272,0,560,48.57
Darjeeling,1904,Drj-1904,145,Primary School 145,356,331,1,688,48.11
Darjeeling,1904,Drj-1904,146,Govt Office 146,407,395,0,802,49.25
Darjeeling,1904,Drj-1904,147,Club Building 147,296,301,1,598,50.33
Darjeeling,1904,Drj-1904,148,Madrasa 148,406,379,0,785,48.28
Darjeeling,1904,Drj-1904,149,Anganwadi Centre 149,321,292,0,613,47.63
Darjeeling,1904,Drj-1904,150,Temple Hall 150,354,327,0,681,48.02
Darjeeling,1904,Drj-1904,151,Post Office 151,388,359,0,747,48.06
Darjeeling,1904,Drj-1904,152,Temple Hall 152,270,266,0,536,49.63
Darjeeling,1904,Drj-1904,153,Temple Hall 153,286,283,1,570,49.65
Darjeeling,1904,Drj-1904,154,Panchayat Bhavan 154,385,377,1,763,49.41
Darjeeling,1904,Drj-1904,155,Primary School 155,310,296,1,607,48.76
Darjeeling,1904,Drj-1904,156,Club Building 156,316,303,1,620,48.87
Darjeeling,1904,Drj-1904,157,Club Building 157,346,336,1,683,49.19
Darjeeling,1904,Drj-1904,158,Post Office 158,352,319,0,671,47.54
Darjeeling,1904,Drj-1904,159,Health Sub-Centre 159,396,390,1,787,49.56
Darjeeling,1904,Drj-1904,160,Health Sub-Centre 160,373,336,1,710,47.32
Darjeeling,1904,Drj-1904,161,Temple Hall 161,381,353,1,735,48.03
Darjeeling,1904,Drj-1904,162,Health Sub-Centre 162,386,358,0,744,48.12
Darjeeling,1904,Drj-1904,163,Club Building 163,258,242,0,500,48.4
Darjeeling,1904,Drj-1904,164,Market Building 164,348,346,1,695,49.78
Darjeeling,1904,Drj-1904,165,High School 165,306,286,0,592,48.31
Darjeeling,1904,Drj-1904,166,Govt Office 166,346,341,1,688,49.56
Darjeeling,1904,Drj-1904,167,Primary School 167,287,292,0,579,50.43
Darjeeling,1904,Drj-1904,168,High School 168,391,392,0,783,50.06
Darjeeling,1904,Drj-1904,169,Panchayat Bhavan 169,406,366,0,772,47.41
Darjeeling,1904,Drj-1904,170,Community Hall 170,296,305,1,602,50.66
Darjeeling,1904,Drj-1904,171,Health Sub-Centre 171,358,332,1,691,48.05
Darjeeling,1904,Drj-1904,172,High School 172,293,287,0,580,49.48
Darjeeling,1904,Drj-1904,173,Govt Office 173,349,324,1,674,48.07
Darjeeling,1904,Drj-1904,174,High School 174,250,230,0,480,47.92
Darjeeling,1904,Drj-1904,175,Madrasa 175,387,377,0,764,49.35
Darjeeling,1904,Drj-1904,176,Community Hall 176,305,306,0,611,50.08
Darjeeling,1904,Drj-1904,177,High School 177,257,239,1,497,48.09
Darjeeling,1904,Drj-1904,178,Temple Hall 178,260,239,0,499,47.9
Darjeeling,1904,Drj-1904,179,Community Hall 179,316,284,0,600,47.33
Darjeeling,1904,Drj-1904,180,Primary School 180,379,376,0,755,49.8
Darjeeling,1904,Drj-1904,181,Community Hall 181,309,310,1,620,50.0
Darjeeling,1904,Drj-1904,182,Post Office 182,370,348,0,718,48.47
Darjeeling,1904,Drj-1904,183,High School 183,281,258,1,540,47.78
Darjeeling,1904,Drj-1904,184,High School 184,312,292,1,605,48.26
Darjeeling,1904,Drj-1904,185,Club Building 185,376,366,0,742,49.33
Darjeeling,1904,Drj-1904,186,Primary School 186,417,390,1,808,48.27
Darjeeling,1904,Drj-1904,187,Post Office 187,394,395,0,789,50.06
Darjeeling,1904,Drj-1904,188,Anganwadi Centre 188,394,356,1,751,47.4
Darjeeling,1904,Drj-1904,189,Community Hall 189,286,271,1,558,48.57
Darjeeling,1904,Drj-1904,190,Market Building 190,338,310,1,649,47.77
Darjeeling,1904,Drj-1904,191,Post Office 191,410,401,0,811,49.45
Darjeeling,1904,Drj-1904,192,Market Building 192,380,374,1,755,49.54
Darjeeling,1904,Drj-1904,193,Panchayat Bhavan 193,386,349,0,735,47.48
Darjeeling,1904,Drj-1904,194,Primary School 194,278,269,0,547,49.18
Darjeeling,1904,Drj-1904,195,Anganwadi Centre 195,262,271,0,533,50.84
Darjeeling,1904,Drj-1904,196,Panchayat Bhavan 196,426,387,1,814,47.54
Darjeeling,1904,Drj-1904,197,Health Sub-Centre 197,352,352,0,704,50.0
Darjeeling,1904,Drj-1904,198,Club Building 198,387,351,1,739,47.5
Darjeeling,1904,Drj-1904,199,Govt Office 199,343,336,0,679,49.48
Darjeeling,1904,Drj-1904,200,Primary School 200,282,257,0,539,47.68
Darjeeling,1904,Drj-1904,201,Anganwadi Centre 201,348,325,0,673,48.29
Darjeeling,1904,Drj-1904,202,High School 202,261,265,0,526,50.38
Darjeeling,1904,Drj-1904,203,Panchayat Bhavan 203,267,246,0,513,47.95
Darjeeling,1904,Drj-1904,204,Club Building 204,382,354,0,736,48.1
Darjeeling,1904,Drj-1904,205,Govt Office 205,346,345,0,691,49.93
Darjeeling,1904,Drj-1904,206,Health Sub-Centre 206,275,267,1,543,49.17
Darjeeling,1904,Drj-1904,207,Panchayat Bhavan 207,383,370,0,753,49.14
Darjeeling,1904,Drj-1904,208,Community Hall 208,294,287,0,581,49.4
Darjeeling,1904,Drj-1904,209,Post Office 209,303,276,0,579,47.67
Darjeeling,1904,Drj-1904,210,Health Sub-Centre 210,407,395,0,802,49.25
Darjeeling,1904,Drj-1904,211,Anganwadi Centre 211,272,263,0,535,49.16
Darjeeling,1904,Drj-1904,212,Health Sub-Centre 212,392,376,1,769,48.89
Darjeeling,1904,Drj-1904,213,Health Sub-Centre 213,359,330,1,690,47.83
Darjeeling,1904,Drj-1904,214,Club Building 214,382,376,0,758,49.6
Darjeeling,1904,Drj-1904,215,Community Hall 215,307,285,1,593,48.06
Darjeeling,1904,Drj-1904,216,Primary School 216,282,272,1,555,49.01
Darjeeling,1904,Drj-1904,217,High School 217,420,395,1,816,48.41
Darjeeling,1904,Drj-1904,218,Panchayat Bhavan 218,410,379,0,789,48.04
Darjeeling,1904,Drj-1904,219,Health Sub-Centre 219,399,368,0,767,47.98
Darjeeling,1904,Drj-1904,220,High School 220,327,321,1,649,49.46
Darjeeling,1904,Drj-1904,221,High School 221,272,264,1,537,49.16
Darjeeling,1904,Drj-1904,222,High School 222,262,263,0,525,50.1
Darjeeling,1904,Drj-1904,223,Market Building 223,377,388,0,765,50.72
Darjeeling,1904,Drj-1904,224,Panchayat Bhavan 224,390,386,0,776,49.74
Darjeeling,1904,Drj-1904,225,Primary School 225,279,262,0,541,48.43
Darjeeling,1904,Drj-1904,226,Temple Hall 226,347,321,1,669,47.98
Darjeeling,1904,Drj-1904,227,Temple Hall 227,287,269,0,556,48.38
Darjeeling,1904,Drj-1904,228,Madrasa 228,393,386,0,779,49.55
Darjeeling,1904,Drj-1904,229,Community Hall 229,281,289,0,570,50.7
Darjeeling,1904,Drj-1904,230,Club Building 230,315,298,1,614,48.53
Darjeeling,1904,Drj-1904,231,Club Building 231,372,352,1,725,48.55
Darjeeling,1904,Drj-1904,232,Health Sub-Centre 232,306,306,1,613,49.92
Darjeeling,1904,Drj-1904,233,Primary School 233,313,294,1,608,48.36
Darjeeling,1904,Drj-1904,234,Temple Hall 234,368,368,0,736,50.0
Darjeeling,1904,Drj-1904,235,Primary School 235,350,319,1,670,47.61
Darjeeling,1904,Drj-1904,236,Community Hall 236,367,366,0,733,49.93
Darjeeling,1904,Drj-1904,237,Temple Hall 237,340,319,0,659,48.41
Darjeeling,1904,Drj-1904,238,High School 238,378,354,1,733,48.29
Darjeeling,1904,Drj-1904,239,Market Building 239,290,281,1,572,49.13
Darjeeling,1904,Drj-1904,240,High School 240,270,250,0,520,48.08
Darjeeling,1904,Drj-1904,241,Madrasa 241,411,399,1,811,49.2
Darjeeling,1904,Drj-1904,242,Club Building 242,409,392,0,801,48.94
Darjeeling,1904,Drj-1904,243,Anganwadi Centre 243,272,281,0,553,50.81
Darjeeling,1904,Drj-1904,244,High School 244,339,312,1,652,47.85
Darjeeling,1904,Drj-1904,245,Govt Office 245,325,291,1,617,47.16
Darjeeling,1905,Drj-1905,1,Panchayat Bhavan 1,308,296,1,605,48.93
Darjeeling,1905,Drj-1905,2,Panchayat Bhavan 2,299,298,0,597,49.92
Darjeeling,1905,Drj-1905,3,Govt Office 3,394,364,1,759,47.96
Darjeeling,1905,Drj-1905,4,Primary School 4,350,320,1,671,47.69
Darjeeling,1905,Drj-1905,5,Market Building 5,369,347,0,716,48.46
Darjeeling,1905,Drj-1905,6,Govt Office 6,413,402,0,815,49.33
Darjeeling,1905,Drj-1905,7,Health Sub-Centre 7,404,404,1,809,49.94
Darjeeling,1905,Drj-1905,8,Post Office 8,269,277,0,546,50.73
Darjeeling,1905,Drj-1905,9,Madrasa 9,289,276,1,566,48.76
Darjeeling,1905,Drj-1905,10,Health Sub-Centre 10,316,300,0,616,48.7
Darjeeling,1905,Drj-1905,11,Govt Office 11,286,272,1,559,48.66
Darjeeling,1905,Drj-1905,12,Govt Office 12,286,295,1,582,50.69
Darjeeling,1905,Drj-1905,13,Community Hall 13,413,370,0,783,47.25
Darjeeling,1905,Drj-1905,14,Post Office 14,367,369,0,736,50.14
Darjeeling,1905,Drj-1905,15,Panchayat Bhavan 15,266,258,0,524,49.24
Darjeeling,1905,Drj-1905,16,Madrasa 16,263,265,1,529,50.09
Darjeeling,1905,Drj-1905,17,Club Building 17,325,317,0,642,49.38
Darjeeling,1905,Drj-1905,18,Primary School 18,358,346,0,704,49.15
Darjeeling,1905,Drj-1905,19,Post Office 19,263,246,0,509,48.33
Darjeeling,1905,Drj-1905,20,Madrasa 20,329,322,0,651,49.46
Darjeeling,1905,Drj-1905,21,Health Sub-Centre 21,333,317,0,650,48.77
Darjeeling,1905,Drj-1905,22,Madrasa 22,272,281,1,554,50.72
Darjeeling,1905,Drj-1905,23,High School 23,343,315,1,659,47.8
Darjeeling,1905,Drj-1905,24,Community Hall 24,319,293,1,613,47.8
Darjeeling,1905,Drj-1905,25,High School 25,239,244,0,483,50.52
Darjeeling,1905,Drj-1905,26,Health Sub-Centre 26,276,265,0,541,48.98
Darjeeling,1905,Drj-1905,27,Health Sub-Centre 27,421,396,1,818,48.41
Darjeeling,1905,Drj-1905,28,Market Building 28,259,255,0,514,49.61
Darjeeling,1905,Drj-1905,29,Club Building 29,378,379,1,758,50.0
Darjeeling,1905,Drj-1905,30,Health Sub-Centre 30,279,263,1,543,48.43
Darjeeling,1905,Drj-1905,31,Market Building 31,404,402,0,806,49.88
Darjeeling,1905,Drj-1905,32,Madrasa 32,260,233,0,493,47.26
Darjeeling,1905,Drj-1905,33,High School 33,244,244,0,488,50.0
Darjeeling,1905,Drj-1905,34,Market Building 34,412,396,0,808,49.01
Darjeeling,1905,Drj-1905,35,Madrasa 35,352,349,0,701,49.79
Darjeeling,1905,Drj-1905,36,Community Hall 36,270,277,0,547,50.64
Darjeeling,1905,Drj-1905,37,Temple Hall 37,286,274,1,561,48.84
Darjeeling,1905,Drj-1905,38,Madrasa 38,357,320,0,677,47.27
Darjeeling,1905,Drj-1905,39,Anganwadi Centre 39,357,347,1,705,49.22
Darjeeling,1905,Drj-1905,40,High School 40,404,370,1,775,47.74
Darjeeling,1905,Drj-1905,41,Govt Office 41,309,305,0,614,49.67
Darjeeling,1905,Drj-1905,42,Club Building 42,420,398,1,819,48.6
Darjeeling,1905,Drj-1905,43,Madrasa 43,293,284,1,578,49.13
Darjeeling,1905,Drj-1905,44,Primary School 44,336,336,0,672,50.0
Darjeeling,1905,Drj-1905,45,Club Building 45,324,323,1,648,49.85
Darjeeling,1905,Drj-1905,46,Madrasa 46,334,299,0,633,47.24
Darjeeling,1905,Drj-1905,47,Primary School 47,278,259,0,537,48.23
Darjeeling,1905,Drj-1905,48,Post Office 48,268,244,0,512,47.66
Darjeeling,1905,Drj-1905,49,Club Building 49,423,387,1,811,47.72
Darjeeling,1905,Drj-1905,50,Post Office 50,332,314,0,646,48.61
Darjeeling,1905,Drj-1905,51,Govt Office 51,316,326,0,642,50.78
Darjeeling,1905,Drj-1905,52,Health Sub-Centre 52,385,396,1,782,50.64
Darjeeling,1905,Drj-1905,53,Community Hall 53,316,315,0,631,49.92
Darjeeling,1905,Drj-1905,54,High School 54,360,347,1,708,49.01
Darjeeling,1905,Drj-1905,55,Market Building 55,259,232,0,491,47.25
Darjeeling,1905,Drj-1905,56,High School 56,264,245,0,509,48.13
Darjeeling,1905,Drj-1905,57,Market Building 57,399,393,0,792,49.62
Darjeeling,1905,Drj-1905,58,Health Sub-Centre 58,244,252,0,496,50.81
Darjeeling,1905,Drj-1905,59,Temple Hall 59,252,235,0,487,48.25
Darjeeling,1905,Drj-1905,60,Anganwadi Centre 60,387,375,0,762,49.21
Darjeeling,1905,Drj-1905,61,Health Sub-Centre 61,325,315,0,640,49.22
Darjeeling,1905,Drj-1905,62,Govt Office 62,315,298,1,614,48.53
Darjeeling,1905,Drj-1905,63,Temple Hall 63,352,333,1,686,48.54
Darjeeling,1905,Drj-1905,64,Anganwadi Centre 64,348,359,1,708,50.71
Darjeeling,1905,Drj-1905,65,Post Office 65,365,342,1,708,48.31
Darjeeling,1905,Drj-1905,66,Temple Hall 66,239,243,1,483,50.31
Darjeeling,1905,Drj-1905,67,Govt Office 67,312,297,1,610,48.69
Darjeeling,1905,Drj-1905,68,Panchayat Bhavan 68,326,296,1,623,47.51
Darjeeling,1905,Drj-1905,69,Temple Hall 69,260,237,1,498,47.59
Darjeeling,1905,Drj-1905,70,Panchayat Bhavan 70,280,254,0,534,47.57
Darjeeling,1905,Drj-1905,71,Post Office 71,329,303,0,632,47.94
Darjeeling,1905,Drj-1905,72,Govt Office 72,375,344,0,719,47.84
Darjeeling,1905,Drj-1905,73,Temple Hall 73,301,286,1,588,48.64
Darjeeling,1905,Drj-1905,74,Market Building 74,242,241,1,484,49.79
Darjeeling,1905,Drj-1905,75,Market Building 75,391,369,1,761,48.49
Darjeeling,1905,Drj-1905,76,Club Building 76,311,318,1,630,50.48
Darjeeling,1905,Drj-1905,77,Community Hall 77,329,310,1,640,48.44
Darjeeling,1905,Drj-1905,78,Community Hall 78,311,284,0,595,47.73
Darjeeling,1905,Drj-1905,79,Post Office 79,317,311,1,629,49.44
Darjeeling,1905,Drj-1905,80,High School 80,379,378,1,758,49.87
Darjeeling,1905,Drj-1905,81,Post Office 81,337,316,1,654,48.32
Darjeeling,1905,Drj-1905,82,Temple Hall 82,293,277,0,570,48.6
Darjeeling,1905,Drj-1905,83,Anganwadi Centre 83,383,346,1,730,47.4
Darjeeling,1905,Drj-1905,84,Health Sub-Centre 84,400,372,1,773,48.12
Darjeeling,1905,Drj-1905,85,High School 85,279,251,1,531,47.27
Darjeeling,1905,Drj-1905,86,Health Sub-Centre 86,376,386,0,762,50.66
Darjeeling,1905,Drj-1905,87,Primary School 87,268,269,0,537,50.09
Darjeeling,1905,Drj-1905,88,Anganwadi Centre 88,314,286,1,601,47.59
Darjeeling,1905,Drj-1905,89,Health Sub-Centre 89,326,299,1,626,47.76
Darjeeling,1905,Drj-1905,90,Club Building 90,272,265,0,537,49.35
Darjeeling,1905,Drj-1905,91,Post Office 91,400,362,1,763,47.44
Darjeeling,1905,Drj-1905,92,Panchayat Bhavan 92,324,309,1,634,48.74
Darjeeling,1905,Drj-1905,93,Govt Office 93,279,263,1,543,48.43
Darjeeling,1905,Drj-1905,94,Panchayat Bhavan 94,285,289,0,574,50.35
Darjeeling,1905,Drj-1905,95,High School 95,328,331,0,659,50.23
Darjeeling,1905,Drj-1905,96,Anganwadi Centre 96,371,369,1,741,49.8
Darjeeling,1905,Drj-1905,97,Govt Office 97,338,336,0,674,49.85
Darjeeling,1905,Drj-1905,98,Health Sub-Centre 98,394,392,1,787,49.81
Darjeeling,1905,Drj-1905,99,Primary School 99,272,278,0,550,50.55
Darjeeling,1905,Drj-1905,100,Panchayat Bhavan 100,325,323,0,648,49.85
Darjeeling,1905,Drj-1905,101,Madrasa 101,334,326,1,661,49.32
Darjeeling,1905,Drj-1905,102,Panchayat Bhavan 102,354,345,1,700,49.29
Darjeeling,1905,Drj-1905,103,Primary School 103,352,343,1,696,49.28
Darjeeling,1905,Drj-1905,104,Health Sub-Centre 104,370,337,1,708,47.6
Darjeeling,1905,Drj-1905,105,Panchayat Bhavan 105,245,252,0,497,50.7
Darjeeling,1905,Drj-1905,106,Community Hall 106,274,280,0,554,50.54
Darjeeling,1905,Drj-1905,107,Temple Hall 107,308,303,1,612,49.51
Darjeeling,1905,Drj-1905,108,Govt Office 108,357,364,0,721,50.49
Darjeeling,1905,Drj-1905,109,Health Sub-Centre 109,282,259,0,541,47.87
Darjeeling,1905,Drj-1905,110,Health Sub-Centre 110,355,343,0,698,49.14
Darjeeling,1905,Drj-1905,111,High School 111,284,274,0,558,49.1
Darjeeling,1905,Drj-1905,112,Club Building 112,412,407,1,820,49.63
Darjeeling,1905,Drj-1905,113,Club Building 113,406,375,1,782,47.95
Darjeeling,1905,Drj-1905,114,Community Hall 114,332,339,1,672,50.45
Darjeeling,1905,Drj-1905,115,Anganwadi Centre 115,342,348,1,691,50.36
Darjeeling,1905,Drj-1905,116,Primary School 116,268,273,0,541,50.46
Darjeeling,1905,Drj-1905,117,Temple Hall 117,350,325,1,676,48.08
Darjeeling,1905,Drj-1905,118,Health Sub-Centre 118,390,378,1,769,49.15
Darjeeling,1905,Drj-1905,119,Post Office 119,357,320,0,677,47.27
Darjeeling,1905,Drj-1905,120,Madrasa 120,310,299,0,609,49.1
Darjeeling,1905,Drj-1905,121,Madrasa 121,282,259,1,542,47.79
Darjeeling,1905,Drj-1905,122,Post Office 122,347,331,0,678,48.82
Darjeeling,1905,Drj-1905,123,Health Sub-Centre 123,283,287,0,570,50.35
Darjeeling,1905,Drj-1905,124,Health Sub-Centre 124,317,328,1,646,50.77
Darjeeling,1905,Drj-1905,125,Panchayat Bhavan 125,335,313,1,649,48.23
Darjeeling,1905,Drj-1905,126,Madrasa 126,322,312,1,635,49.13
Darjeeling,1905,Drj-1905,127,Panchayat Bhavan 127,391,354,0,745,47.52
Darjeeling,1905,Drj-1905,128,Anganwadi Centre 128,278,286,1,565,50.62
Darjeeling,1905,Drj-1905,129,Anganwadi Centre 129,337,333,0,670,49.7
Darjeeling,1905,Drj-1905,130,High School 130,325,299,0,624,47.92
Darjeeling,1905,Drj-1905,131,Madrasa 131,310,304,1,615,49.43
Darjeeling,1905,Drj-1905,132,Health Sub-Centre 132,362,335,0,697,48.06
Darjeeling,1905,Drj-1905,133,Health Sub-Centre 133,367,338,0,705,47.94
Darjeeling,1905,Drj-1905,134,High School 134,349,354,0,703,50.36
Darjeeling,1905,Drj-1905,135,Post Office 135,411,395,1,807,48.95
Darjeeling,1905,Drj-1905,136,Madrasa 136,379,343,1,723,47.44
Darjeeling,1905,Drj-1905,137,Community Hall 137,331,321,0,652,49.23
Darjeeling,1905,Drj-1905,138,Govt Office 138,240,247,0,487,50.72
Darjeeling,1905,Drj-1905,139,Panchayat Bhavan 139,367,339,0,706,48.02
Darjeeling,1905,Drj-1905,140,Club Building 140,396,373,0,769,48.5
Darjeeling,1905,Drj-1905,141,Madrasa 141,337,312,1,650,48.0
Darjeeling,1905,Drj-1905,142,High School 142,412,376,0,788,47.72
Darjeeling,1905,Drj-1905,143,Anganwadi Centre 143,351,327,0,678,48.23
Darjeeling,1905,Drj-1905,144,Panchayat Bhavan 144,331,306,0,637,48.04
Darjeeling,1905,Drj-1905,145,Post Office 145,390,389,0,779,49.94
Darjeeling,1905,Drj-1905,146,Temple Hall 146,399,378,1,778,48.59
Darjeeling,1905,Drj-1905,147,Club Building 147,275,255,0,530,48.11
Darjeeling,1905,Drj-1905,148,Health Sub-Centre 148,277,249,0,526,47.34
Darjeeling,1905,Drj-1905,149,High School 149,248,251,1,500,50.2
Darjeeling,1905,Drj-1905,150,Anganwadi Centre 150,268,241,0,509,47.35
Darjeeling,1905,Drj-1905,151,Community Hall 151,393,390,1,784,49.74
Darjeeling,1905,Drj-1905,152,High School 152,253,251,1,505,49.7
Darjeeling,1905,Drj-1905,153,Health Sub-Centre 153,295,302,0,597,50.59
Darjeeling,1905,Drj-1905,154,High School 154,339,314,0,653,48.09
Darjeeling,1905,Drj-1905,155,Govt Office 155,352,354,1,707,50.07
Darjeeling,1905,Drj-1905,156,Market Building 156,397,368,1,766,48.04
Darjeeling,1905,Drj-1905,157,Market Building 157,299,308,0,607,50.74
Darjeeling,1905,Drj-1905,158,Community Hall 158,350,318,0,668,47.6
Darjeeling,1905,Drj-1905,159,Primary School 159,333,334,1,668,50.0
Darjeeling,1905,Drj-1905,160,Anganwadi Centre 160,294,274,1,569,48.15
Darjeeling,1905,Drj-1905,161,Community Hall 161,341,337,0,678,49.71
Darjeeling,1905,Drj-1905,162,Health Sub-Centre 162,365,369,1,735,50.2
Darjeeling,1905,Drj-1905,163,Madrasa 163,349,349,1,699,49.93
Darjeeling,1905,Drj-1905,164,Temple Hall 164,352,354,0,706,50.14
Darjeeling,1905,Drj-1905,165,Madrasa 165,249,242,0,491,49.29
Darjeeling,1905,Drj-1905,166,Anganwadi Centre 166,371,347,0,718,48.33
Darjeeling,1905,Drj-1905,167,High School 167,360,322,0,682,47.21
Darjeeling,1905,Drj-1905,168,Health Sub-Centre 168,371,380,1,752,50.53
Darjeeling,1905,Drj-1905,169,Madrasa 169,345,316,0,661,47.81
Darjeeling,1905,Drj-1905,170,Panchayat Bhavan 170,387,350,1,738,47.43
Darjeeling,1905,Drj-1905,171,Madrasa 171,331,317,0,648,48.92
Darjeeling,1905,Drj-1905,172,Panchayat Bhavan 172,285,274,0,559,49.02
Darjeeling,1905,Drj-1905,173,Club Building 173,274,262,1,537,48.79
Darjeeling,1905,Drj-1905,174,Madrasa 174,263,245,1,509,48.13
Darjeeling,1905,Drj-1905,175,Post Office 175,374,351,0,725,48.41
Darjeeling,1905,Drj-1905,176,Market Building 176,383,354,0,737,48.03
Darjeeling,1905,Drj-1905,177,Market Building 177,284,285,0,569,50.09
Darjeeling,1905,Drj-1905,178,Govt Office 178,359,331,1,691,47.9
Darjeeling,1905,Drj-1905,179,Madrasa 179,283,287,0,570,50.35
Darjeeling,1905,Drj-1905,180,Post Office 180,335,344,1,680,50.59
Darjeeling,1905,Drj-1905,181,Anganwadi Centre 181,406,377,0,783,48.15
Darjeeling,1905,Drj-1905,182,Govt Office 182,366,368,1,735,50.07
Darjeeling,1905,Drj-1905,183,Temple Hall 183,399,391,0,790,49.49
Darjeeling,1905,Drj-1905,184,Madrasa 184,323,317,1,641,49.45
Darjeeling,1905,Drj-1905,185,Market Building 185,363,353,1,717,49.23
Darjeeling,1905,Drj-1905,186,Community Hall 186,310,280,0,590,47.46
Darjeeling,1905,Drj-1905,187,Health Sub-Centre 187,309,310,1,620,50.0
Darjeeling,1905,Drj-1905,188,Madrasa 188,262,238,0,500,47.6
Darjeeling,1905,Drj-1905,189,Health Sub-Centre 189,407,408,1,816,50.0
Darjeeling,1905,Drj-1905,190,Madrasa 190,311,314,0,625,50.24
Darjeeling,1905,Drj-1905,191,Panchayat Bhavan 191,370,341,1,712,47.89
Darjeeling,1905,Drj-1905,192,High School 192,384,348,1,733,47.48
Darjeeling,1905,Drj-1905,193,Madrasa 193,369,363,0,732,49.59
Darjeeling,1905,Drj-1905,194,Temple Hall 194,374,336,0,710,47.32
Darjeeling,1905,Drj-1905,195,Primary School 195,247,243,0,490,49.59
Darjeeling,1905,Drj-1905,196,Community Hall 196,293,295,0,588,50.17
Darjeeling,1905,Drj-1905,197,Post Office 197,382,345,1,728,47.39
Darjeeling,1905,Drj-1905,198,Madrasa 198,337,342,1,680,50.29
Darjeeling,1905,Drj-1905,199,Madrasa 199,267,245,0,512,47.85
Darjeeling,1905,Drj-1905,200,High School 200,390,383,1,774,49.48
Darjeeling,1905,Drj-1905,201,Post Office 201,281,267,0,548,48.72
Darjeeling,1905,Drj-1905,202,Anganwadi Centre 202,304,301,0,605,49.75
Darjeeling,1905,Drj-1905,203,Club Building 203,385,389,0,774,50.26
Darjeeling,1905,Drj-1905,204,Market Building 204,336,310,0,646,47.99
Darjeeling,1905,Drj-1905,205,Temple Hall 205,252,239,1,492,48.58
Darjeeling,1905,Drj-1905,206,Club Building 206,358,335,1,694,48.27
Darjeeling,1905,Drj-1905,207,Panchayat Bhavan 207,260,266,1,527,50.47
Darjeeling,1905,Drj-1905,208,Temple Hall 208,429,387,1,817,47.37
Darjeeling,1905,Drj-1905,209,Govt Office 209,332,338,0,670,50.45
Darjeeling,1905,Drj-1905,210,Primary School 210,290,272,0,562,48.4
Darjeeling,1905,Drj-1905,211,Post Office 211,337,339,1,677,50.07
Darjeeling,1905,Drj-1905,212,High School 212,382,345,1,728,47.39
Darjeeling,1905,Drj-1905,213,Post Office 213,244,242,0,486,49.79
Darjeeling,1905,Drj-1905,214,Post Office 214,332,302,1,635,47.56
Darjeeling,1905,Drj-1905,215,Club Building 215,318,289,1,608,47.53
Darjeeling,1905,Drj-1905,216,Market Building 216,257,263,0,520,50.58
Darjeeling,1905,Drj-1905,217,Primary School 217,307,282,1,590,47.8
Darjeeling,1905,Drj-1905,218,Community Hall 218,282,252,0,534,47.19
Darjeeling,1905,Drj-1905,219,Madrasa 219,358,334,1,693,48.2
Darjeeling,1905,Drj-1905,220,Health Sub-Centre 220,310,288,0,598,48.16
Darjeeling,1905,Drj-1905,221,Health Sub-Centre 221,395,353,0,748,47.19
Darjeeling,1905,Drj-1905,222,Primary School 222,261,240,1,502,47.81
Darjeeling,1905,Drj-1905,223,Panchayat Bhavan 223,281,259,1,541,47.87
Darjeeling,1905,Drj-1905,224,Club Building 224,333,325,1,659,49.32
Darjeeling,1905,Drj-1905,225,Anganwadi Centre 225,265,249,0,514,48.44
Darjeeling,1905,Drj-1905,226,Temple Hall 226,380,348,0,728,47.8
Darjeeling,1905,Drj-1905,227,Primary School 227,259,252,1,512,49.22
Darjeeling,1905,Drj-1905,228,Health Sub-Centre 228,313,309,1,623,49.6
Darjeeling,1905,Drj-1905,229,Temple Hall 229,372,347,1,720,48.19
Darjeeling,1905,Drj-1905,230,Club Building 230,372,336,1,709,47.39
Darjeeling,1905,Drj-1905,231,Club Building 231,382,363,1,746,48.66
Darjeeling,1905,Drj-1905,232,Community Hall 232,412,369,1,782,47.19
Darjeeling,1905,Drj-1905,233,Anganwadi Centre 233,284,260,1,545,47.71
Darjeeling,1905,Drj-1905,234,Temple Hall 234,357,358,1,716,50.0
Darjeeling,1905,Drj-1905,235,Panchayat Bhavan 235,267,273,1,541,50.46
Darjeeling,1905,Drj-1905,236,Market Building 236,285,276,0,561,49.2
Darjeeling,1905,Drj-1905,237,Madrasa 237,336,323,0,659,49.01
Darjeeling,1905,Drj-1905,238,Club Building 238,333,341,1,675,50.52
Darjeeling,1905,Drj-1905,239,Panchayat Bhavan 239,349,353,1,703,50.21
Darjeeling,1905,Drj-1905,240,Madrasa 240,358,369,1,728,50.69
Darjeeling,1905,Drj-1905,241,Post Office 241,292,277,1,570,48.6
Darjeeling,1905,Drj-1905,242,Market Building 242,430,389,0,819,47.5
Darjeeling,1905,Drj-1905,243,Anganwadi Centre 243,276,253,0,529,47.83
Darjeeling,1905,Drj-1905,244,Anganwadi Centre 244,287,261,0,548,47.63
Darjeeling,1905,Drj-1905,245,Madrasa 245,357,351,0,708,49.58
Darjeeling,1905,Drj-1905,246,Primary School 246,287,263,0,550,47.82
Darjeeling,1905,Drj-1905,247,Post Office 247,254,255,0,509,50.1
Darjeeling,1905,Drj-1905,248,Primary School 248,391,400,1,792,50.51
Darjeeling,1905,Drj-1905,249,Club Building 249,313,297,1,611,48.61
Darjeeling,1905,Drj-1905,250,Primary School 250,382,351,0,733,47.89
Darjeeling,1905,Drj-1905,251,Anganwadi Centre 251,293,265,1,559,47.41
Darjeeling,1905,Drj-1905,252,Govt Office 252,266,238,1,505,47.13
Darjeeling,1905,Drj-1905,253,Anganwadi Centre 253,275,273,1,549,49.73
Darjeeling,1905,Drj-1905,254,Madrasa 254,318,311,0,629,49.44
Darjeeling,1905,Drj-1905,255,Temple Hall 255,336,334,0,670,49.85
Darjeeling,1905,Drj-1905,256,Govt Office 256,274,267,0,541,49.35
Darjeeling,1905,Drj-1905,257,Temple Hall 257,324,321,1,646,49.69
Darjeeling,1905,Drj-1905,258,Govt Office 258,241,238,1,480,49.58
Darjeeling,1906,Drj-1906,1,Market Building 1,417,380,0,797,47.68
Darjeeling,1906,Drj-1906,2,Madrasa 2,336,327,1,664,49.25
Darjeeling,1906,Drj-1906,3,Govt Office 3,344,341,0,685,49.78
Darjeeling,1906,Drj-1906,4,High School 4,273,273,1,547,49.91
Darjeeling,1906,Drj-1906,5,Community Hall 5,312,309,0,621,49.76
Darjeeling,1906,Drj-1906,6,Post Office 6,386,396,0,782,50.64
Darjeeling,1906,Drj-1906,7,Primary School 7,346,341,1,688,49.56
Darjeeling,1906,Drj-1906,8,Madrasa 8,373,341,0,714,47.76
Darjeeling,1906,Drj-1906,9,Anganwadi Centre 9,370,358,1,729,49.11
Darjeeling,1906,Drj-1906,10,Post Office 10,273,260,1,534,48.69
Darjeeling,1906,Drj-1906,11,Primary School 11,239,244,1,484,50.41
Darjeeling,1906,Drj-1906,12,Panchayat Bhavan 12,335,326,0,661,49.32
Darjeeling,1906,Drj-1906,13,Panchayat Bhavan 13,309,301,0,610,49.34
Darjeeling,1906,Drj-1906,14,High School 14,243,243,0,486,50.0
Darjeeling,1906,Drj-1906,15,Market Building 15,386,391,0,777,50.32
Darjeeling,1906,Drj-1906,16,Anganwadi Centre 16,293,294,0,587,50.09
Darjeeling,1906,Drj-1906,17,Primary School 17,307,301,1,609,49.43
Darjeeling,1906,Drj-1906,18,Primary School 18,382,379,0,761,49.8
Darjeeling,1906,Drj-1906,19,Madrasa 19,360,327,0,687,47.6
Darjeeling,1906,Drj-1906,20,Madrasa 20,291,300,1,592,50.68
Darjeeling,1906,Drj-1906,21,Post Office 21,267,240,1,508,47.24
Darjeeling,1906,Drj-1906,22,Club Building 22,299,277,1,577,48.01
Darjeeling,1906,Drj-1906,23,Post Office 23,414,404,0,818,49.39
Darjeeling,1906,Drj-1906,24,Market Building 24,368,341,1,710,48.03
Darjeeling,1906,Drj-1906,25,Community Hall 25,315,283,0,598,47.32
Darjeeling,1906,Drj-1906,26,Health Sub-Centre 26,402,389,0,791,49.18
Darjeeling,1906,Drj-1906,27,Community Hall 27,302,310,1,613,50.57
Darjeeling,1906,Drj-1906,28,Anganwadi Centre 28,242,250,1,493,50.71
Darjeeling,1906,Drj-1906,29,Community Hall 29,385,347,0,732,47.4
Darjeeling,1906,Drj-1906,30,Club Building 30,276,264,0,540,48.89
Darjeeling,1906,Drj-1906,31,Community Hall 31,277,284,1,562,50.53
Darjeeling,1906,Drj-1906,32,Anganwadi Centre 32,357,349,0,706,49.43
Darjeeling,1906,Drj-1906,33,Market Building 33,316,285,0,601,47.42
Darjeeling,1906,Drj-1906,34,Primary School 34,327,318,1,646,49.23
Darjeeling,1906,Drj-1906,35,Club Building 35,313,307,1,621,49.44
Darjeeling,1906,Drj-1906,36,Market Building 36,288,289,1,578,50.0
Darjeeling,1906,Drj-1906,37,Club Building 37,278,262,0,540,48.52
Darjeeling,1906,Drj-1906,38,Health Sub-Centre 38,266,273,1,540,50.56
Darjeeling,1906,Drj-1906,39,Community Hall 39,358,367,1,726,50.55
Darjeeling,1906,Drj-1906,40,High School 40,333,302,1,636,47.48
Darjeeling,1906,Drj-1906,41,Primary School 41,265,252,0,517,48.74
Darjeeling,1906,Drj-1906,42,Health Sub-Centre 42,278,287,0,565,50.8
Darjeeling,1906,Drj-1906,43,Primary School 43,329,318,0,647,49.15
Darjeeling,1906,Drj-1906,44,Post Office 44,344,330,1,675,48.89
Darjeeling,1906,Drj-1906,45,Club Building 45,273,261,1,535,48.79
Darjeeling,1906,Drj-1906,46,Post Office 46,323,299,1,623,47.99
Darjeeling,1906,Drj-1906,47,High School 47,412,376,1,789,47.66
Darjeeling,1906,Drj-1906,48,High School 48,243,237,0,480,49.38
Darjeeling,1906,Drj-1906,49,Temple Hall 49,363,327,0,690,47.39
Darjeeling,1906,Drj-1906,50,Market Building 50,388,379,1,768,49.35
Darjeeling,1906,Drj-1906,51,Club Building 51,281,280,1,562,49.82
Darjeeling,1906,Drj-1906,52,Post Office 52,412,378,0,790,47.85
Darjeeling,1906,Drj-1906,53,Panchayat Bhavan 53,375,346,0,721,47.99
Darjeeling,1906,Drj-1906,54,Panchayat Bhavan 54,258,232,1,491,47.25
Darjeeling,1906,Drj-1906,55,High School 55,351,353,1,705,50.07
Darjeeling,1906,Drj-1906,56,Health Sub-Centre 56,240,240,1,481,49.9
Darjeeling,1906,Drj-1906,57,Govt Office 57,399,373,1,773,48.25
Darjeeling,1906,Drj-1906,58,Post Office 58,319,308,0,627,49.12
Darjeeling,1906,Drj-1906,59,Community Hall 59,405,393,0,798,49.25
Darjeeling,1906,Drj-1906,60,Madrasa 60,403,367,0,770,47.66
Darjeeling,1906,Drj-1906,61,Madrasa 61,350,339,0,689,49.2
Darjeeling,1906,Drj-1906,62,Primary School 62,337,327,1,665,49.17
Darjeeling,1906,Drj-1906,63,Health Sub-Centre 63,264,242,0,506,47.83
Darjeeling,1906,Drj-1906,64,Madrasa 64,329,301,1,631,47.7
Darjeeling,1906,Drj-1906,65,Madrasa 65,408,410,1,819,50.06
Darjeeling,1906,Drj-1906,66,Primary School 66,369,362,0,731,49.52
Darjeeling,1906,Drj-1906,67,Club Building 67,430,388,1,819,47.37
Darjeeling,1906,Drj-1906,68,Community Hall 68,263,265,1,529,50.09
Darjeeling,1906,Drj-1906,69,Market Building 69,242,238,0,480,49.58
Darjeeling,1906,Drj-1906,70,Health Sub-Centre 70,408,405,0,813,49.82
Darjeeling,1906,Drj-1906,71,Govt Office 71,262,251,1,514,48.83
Darjeeling,1906,Drj-1906,72,Post Office 72,356,357,0,713,50.07
Darjeeling,1906,Drj-1906,73,Community Hall 73,277,280,1,558,50.18
Darjeeling,1906,Drj-1906,74,Govt Office 74,305,302,0,607,49.75
Darjeeling,1906,Drj-1906,75,Health Sub-Centre 75,258,262,0,520,50.38
Darjeeling,1906,Drj-1906,76,Market Building 76,329,317,0,646,49.07
Darjeeling,1906,Drj-1906,77,Post Office 77,316,323,0,639,50.55
Darjeeling,1906,Drj-1906,78,Panchayat Bhavan 78,240,245,0,485,50.52
Darjeeling,1906,Drj-1906,79,Market Building 79,382,358,1,741,48.31
Darjeeling,1906,Drj-1906,80,High School 80,318,296,0,614,48.21
Darjeeling,1906,Drj-1906,81,Anganwadi Centre 81,367,331,1,699,47.35
Darjeeling,1906,Drj-1906,82,Market Building 82,395,380,0,775,49.03
Darjeeling,1906,Drj-1906,83,Community Hall 83,405,409,0,814,50.25
Darjeeling,1906,Drj-1906,84,Govt Office 84,415,401,0,816,49.14
Darjeeling,1906,Drj-1906,85,Madrasa 85,335,344,1,680,50.59
Darjeeling,1906,Drj-1906,86,Health Sub-Centre 86,371,367,0,738,49.73
Darjeeling,1906,Drj-1906,87,Community Hall 87,300,279,0,579,48.19
Darjeeling,1906,Drj-1906,88,Post Office 88,360,366,0,726,50.41
Darjeeling,1906,Drj-1906,89,Panchayat Bhavan 89,272,274,1,547,50.09
Darjeeling,1906,Drj-1906,90,Madrasa 90,377,382,1,760,50.26
Darjeeling,1906,Drj-1906,91,Post Office 91,311,308,1,620,49.68
Darjeeling,1906,Drj-1906,92,Community Hall 92,292,272,0,564,48.23
Darjeeling,1906,Drj-1906,93,Post Office 93,320,288,1,609,47.29
Darjeeling,1906,Drj-1906,94,Club Building 94,275,265,1,541,48.98
Darjeeling,1906,Drj-1906,95,Club Building 95,367,347,1,715,48.53
Darjeeling,1906,Drj-1906,96,High School 96,269,251,1,521,48.18
Darjeeling,1906,Drj-1906,97,Anganwadi Centre 97,370,379,0,749,50.6
Darjeeling,1906,Drj-1906,98,Temple Hall 98,295,265,1,561,47.24
Darjeeling,1906,Drj-1906,99,Primary School 99,341,331,0,672,49.26
Darjeeling,1906,Drj-1906,100,Panchayat Bhavan 100,357,334,0,691,48.34
Darjeeling,1906,Drj-1906,101,Club Building 101,349,321,0,670,47.91
Darjeeling,1906,Drj-1906,102,Govt Office 102,255,241,0,496,48.59
Darjeeling,1906,Drj-1906,103,Market Building 103,258,240,0,498,48.19
Darjeeling,1906,Drj-1906,104,Panchayat Bhavan 104,330,296,1,627,47.21
Darjeeling,1906,Drj-1906,105,Anganwadi Centre 105,328,301,0,629,47.85
Darjeeling,1906,Drj-1906,106,Club Building 106,382,392,1,775,50.58
Darjeeling,1906,Drj-1906,107,High School 107,245,240,0,485,49.48
Darjeeling,1906,Drj-1906,108,Temple Hall 108,338,326,1,665,49.02
Darjeeling,1906,Drj-1906,109,Community Hall 109,361,356,0,717,49.65
Darjeeling,1906,Drj-1906,110,Anganwadi Centre 110,361,345,1,707,48.8
Darjeeling,1906,Drj-1906,111,High School 111,370,359,1,730,49.18
Darjeeling,1906,Drj-1906,112,Club Building 112,374,379,1,754,50.27
Darjeeling,1906,Drj-1906,113,Market Building 113,295,304,0,599,50.75
Darjeeling,1906,Drj-1906,114,Club Building 114,381,393,1,775,50.71
Darjeeling,1906,Drj-1906,115,Anganwadi Centre 115,255,230,1,486,47.33
Darjeeling,1906,Drj-1906,116,High School 116,411,393,0,804,48.88
Darjeeling,1906,Drj-1906,117,Primary School 117,379,350,1,730,47.95
Darjeeling,1906,Drj-1906,118,Primary School 118,345,322,0,667,48.28
Darjeeling,1906,Drj-1906,119,Market Building 119,295,266,0,561,47.42
Darjeeling,1906,Drj-1906,120,Post Office 120,333,310,0,643,48.21
Darjeeling,1906,Drj-1906,121,Panchayat Bhavan 121,319,302,0,621,48.63
Darjeeling,1906,Drj-1906,122,Health Sub-Centre 122,269,249,0,518,48.07
Darjeeling,1906,Drj-1906,123,Temple Hall 123,336,334,0,670,49.85
Darjeeling,1906,Drj-1906,124,Anganwadi Centre 124,361,325,1,687,47.31
Darjeeling,1906,Drj-1906,125,High School 125,400,360,0,760,47.37
Darjeeling,1906,Drj-1906,126,Govt Office 126,411,378,1,790,47.85
Darjeeling,1906,Drj-1906,127,Madrasa 127,320,295,0,615,47.97
Darjeeling,1906,Drj-1906,128,High School 128,273,274,0,547,50.09
Darjeeling,1906,Drj-1906,129,Club Building 129,325,309,1,635,48.66
Darjeeling,1906,Drj-1906,130,Post Office 130,403,394,0,797,49.44
Darjeeling,1906,Drj-1906,131,Community Hall 131,240,247,0,487,50.72
Darjeeling,1906,Drj-1906,132,Govt Office 132,261,250,0,511,48.92
Darjeeling,1906,Drj-1906,133,Panchayat Bhavan 133,357,360,1,718,50.14
Darjeeling,1906,Drj-1906,134,High School 134,295,291,0,586,49.66
Darjeeling,1906,Drj-1906,135,Anganwadi Centre 135,249,253,0,502,50.4
Darjeeling,1906,Drj-1906,136,Post Office 136,401,385,1,787,48.92
Darjeeling,1906,Drj-1906,137,Post Office 137,314,309,1,624,49.52
Darjeeling,1906,Drj-1906,138,Govt Office 138,365,347,0,712,48.74
Darjeeling,1906,Drj-1906,139,Govt Office 139,307,278,0,585,47.52
Darjeeling,1906,Drj-1906,140,Madrasa 140,374,350,1,725,48.28
Darjeeling,1906,Drj-1906,141,Community Hall 141,307,312,1,620,50.32
Darjeeling,1906,Drj-1906,142,Govt Office 142,376,364,1,741,49.12
Darjeeling,1906,Drj-1906,143,Club Building 143,278,266,0,544,48.9
Darjeeling,1906,Drj-1906,144,Community Hall 144,398,369,0,767,48.11
Darjeeling,1906,Drj-1906,145,Panchayat Bhavan 145,254,239,1,494,48.38
Darjeeling,1906,Drj-1906,146,Health Sub-Centre 146,404,371,0,775,47.87
Darjeeling,1906,Drj-1906,147,Panchayat Bhavan 147,314,323,0,637,50.71
Darjeeling,1906,Drj-1906,148,Anganwadi Centre 148,290,266,0,556,47.84
Darjeeling,1906,Drj-1906,149,Health Sub-Centre 149,388,359,1,748,47.99
Darjeeling,1906,Drj-1906,150,Govt Office 150,381,373,0,754,49.47
Darjeeling,1906,Drj-1906,151,Panchayat Bhavan 151,304,274,1,579,47.32
Darjeeling,1906,Drj-1906,152,High School 152,355,347,0,702,49.43
Darjeeling,1906,Drj-1906,153,Madrasa 153,359,360,1,720,50.0
Darjeeling,1906,Drj-1906,154,Community Hall 154,301,288,1,590,48.81
Darjeeling,1906,Drj-1906,155,Community Hall 155,408,404,1,813,49.69
Darjeeling,1906,Drj-1906,156,Govt Office 156,387,367,0,754,48.67
Darjeeling,1906,Drj-1906,157,Community Hall 157,380,387,1,768,50.39
Darjeeling,1906,Drj-1906,158,Govt Office 158,292,282,1,575,49.04
Darjeeling,1906,Drj-1906,159,Govt Office 159,329,320,0,649,49.31
Darjeeling,1906,Drj-1906,160,Anganwadi Centre 160,320,319,1,640,49.84
Darjeeling,1906,Drj-1906,161,Club Building 161,313,287,0,600,47.83
Darjeeling,1906,Drj-1906,162,Primary School 162,269,244,0,513,47.56
Darjeeling,1906,Drj-1906,163,Madrasa 163,300,287,0,587,48.89
Darjeeling,1906,Drj-1906,164,Market Building 164,389,369,1,759,48.62
Darjeeling,1906,Drj-1906,165,Club Building 165,316,312,1,629,49.6
Darjeeling,1906,Drj-1906,166,Govt Office 166,253,256,0,509,50.29
Darjeeling,1906,Drj-1906,167,Post Office 167,319,294,0,613,47.96
Darjeeling,1906,Drj-1906,168,Govt Office 168,326,313,1,640,48.91
Darjeeling,1906,Drj-1906,169,Primary School 169,260,249,0,509,48.92
Darjeeling,1906,Drj-1906,170,Post Office 170,354,320,1,675,47.41
Darjeeling,1906,Drj-1906,171,Market Building 171,262,268,0,530,50.57
Darjeeling,1906,Drj-1906,172,Govt Office 172,279,284,1,564,50.35
Darjeeling,1906,Drj-1906,173,Panchayat Bhavan 173,321,319,0,640,49.84
Darjeeling,1906,Drj-1906,174,Govt Office 174,244,245,0,489,50.1
Darjeeling,1906,Drj-1906,175,Temple Hall 175,334,316,1,651,48.54
Darjeeling,1906,Drj-1906,176,Govt Office 176,382,350,1,733,47.75
Darjeeling,1906,Drj-1906,177,Panchayat Bhavan 177,361,368,0,729,50.48
Darjeeling,1906,Drj-1906,178,Club Building 178,244,239,0,483,49.48
Darjeeling,1906,Drj-1906,179,Madrasa 179,307,303,0,610,49.67
Darjeeling,1906,Drj-1906,180,Community Hall 180,402,371,0,773,47.99
Darjeeling,1906,Drj-1906,181,Temple Hall 181,355,347,1,703,49.36
Darjeeling,1906,Drj-1906,182,Primary School 182,286,262,0,548,47.81
Darjeeling,1906,Drj-1906,183,Market Building 183,342,338,1,681,49.63
Darjeeling,1906,Drj-1906,184,Club Building 184,249,257,1,507,50.69
Darjeeling,1906,Drj-1906,185,Govt Office 185,263,271,1,535,50.65
Darjeeling,1906,Drj-1906,186,Madrasa 186,315,315,1,631,49.92
Darjeeling,1906,Drj-1906,187,Health Sub-Centre 187,312,287,1,600,47.83
Darjeeling,1906,Drj-1906,188,Community Hall 188,302,294,1,597,49.25
Darjeeling,1906,Drj-1906,189,Club Building 189,412,372,0,784,47.45
Darjeeling,1906,Drj-1906,190,Anganwadi Centre 190,342,339,1,682,49.71
Darjeeling,1906,Drj-1906,191,Panchayat Bhavan 191,264,255,1,520,49.04
Darjeeling,1906,Drj-1906,192,High School 192,285,273,0,558,48.92
Darjeeling,1906,Drj-1906,193,Health Sub-Centre 193,345,353,1,699,50.5
Darjeeling,1906,Drj-1906,194,Temple Hall 194,332,333,0,665,50.08
Darjeeling,1906,Drj-1906,195,Club Building 195,422,395,0,817,48.35
Darjeeling,1906,Drj-1906,196,Club Building 196,291,270,1,562,48.04
Darjeeling,1906,Drj-1906,197,Panchayat Bhavan 197,253,245,1,499,49.1
Darjeeling,1906,Drj-1906,198,High School 198,413,394,0,807,48.82
Darjeeling,1906,Drj-1906,199,Post Office 199,394,367,0,761,48.23
Darjeeling,1906,Drj-1906,200,Anganwadi Centre 200,255,248,1,504,49.21
Darjeeling,1906,Drj-1906,201,Club Building 201,399,366,0,765,47.84
Darjeeling,1906,Drj-1906,202,Community Hall 202,422,388,1,811,47.84
Darjeeling,1906,Drj-1906,203,Primary School 203,377,352,0,729,48.29
Darjeeling,1906,Drj-1906,204,Anganwadi Centre 204,378,360,1,739,48.71
Darjeeling,1906,Drj-1906,205,Market Building 205,339,313,0,652,48.01
Darjeeling,1906,Drj-1906,206,Madrasa 206,244,251,1,496,50.6
Darjeeling,1906,Drj-1906,207,Health Sub-Centre 207,310,293,1,604,48.51
Darjeeling,1906,Drj-1906,208,Temple Hall 208,312,319,0,631,50.55
Darjeeling,1906,Drj-1906,209,Panchayat Bhavan 209,339,341,1,681,50.07
Darjeeling,1906,Drj-1906,210,Anganwadi Centre 210,397,362,1,760,47.63
Darjeeling,1906,Drj-1906,211,Market Building 211,270,273,0,543,50.28
Darjeeling,1906,Drj-1906,212,Panchayat Bhavan 212,373,354,0,727,48.69
Darjeeling,1906,Drj-1906,213,Market Building 213,306,296,0,602,49.17
Darjeeling,1906,Drj-1906,214,Health Sub-Centre 214,345,346,0,691,50.07
Darjeeling,1906,Drj-1906,215,Club Building 215,335,301,0,636,47.33
Darjeeling,1906,Drj-1906,216,Temple Hall 216,354,342,0,696,49.14
Darjeeling,1906,Drj-1906,217,Community Hall 217,332,323,0,655,49.31
Darjeeling,1906,Drj-1906,218,Market Building 218,331,313,1,645,48.53
Darjeeling,1906,Drj-1906,219,Madrasa 219,305,313,1,619,50.57
Darjeeling,1906,Drj-1906,220,High School 220,322,321,0,643,49.92
Darjeeling,1906,Drj-1906,221,Govt Office 221,257,264,0,521,50.67
Darjeeling,1906,Drj-1906,222,Community Hall 222,414,377,1,792,47.6
Darjeeling,1906,Drj-1906,223,Anganwadi Centre 223,422,396,1,819,48.35
Darjeeling,1906,Drj-1906,224,Anganwadi Centre 224,269,268,1,538,49.81
Darjeeling,1906,Drj-1906,225,Anganwadi Centre 225,356,333,1,690,48.26
Darjeeling,1906,Drj-1906,226,Club Building 226,366,349,0,715,48.81
Darjeeling,1906,Drj-1906,227,Market Building 227,362,371,0,733,50.61
Darjeeling,1906,Drj-1906,228,Anganwadi Centre 228,327,294,1,622,47.27
Darjeeling,1906,Drj-1906,229,Govt Office 229,407,394,0,801,49.19
Darjeeling,1906,Drj-1906,230,Post Office 230,307,312,1,620,50.32
Darjeeling,1906,Drj-1906,231,Temple Hall 231,334,343,0,677,50.66
Darjeeling,1906,Drj-1906,232,Temple Hall 232,421,391,0,812,48.15
Darjeeling,1906,Drj-1906,233,Health Sub-Centre 233,397,371,0,768,48.31
Darjeeling,1906,Drj-1906,234,Club Building 234,352,362,0,714,50.7
Darjeeling,1906,Drj-1906,235,High School 235,332,316,0,648,48.77
Darjeeling,1906,Drj-1906,236,Market Building 236,390,355,0,745,47.65
Darjeeling,1906,Drj-1906,237,High School 237,270,258,1,529,48.77
Darjeeling,1906,Drj-1906,238,Madrasa 238,399,410,1,810,50.62
Darjeeling,1906,Drj-1906,239,Govt Office 239,315,304,0,619,49.11
Darjeeling,1906,Drj-1906,240,Govt Office 240,319,295,0,614,48.05
Darjeeling,1906,Drj-1906,241,Health Sub-Centre 241,266,268,0,534,50.19
Darjeeling,1906,Drj-1906,242,Post Office 242,369,372,0,741,50.2
Darjeeling,1906,Drj-1906,243,Health Sub-Centre 243,363,375,1,739,50.74
Darjeeling,1906,Drj-1906,244,Govt Office 244,387,350,1,738,47.43
Darjeeling,1906,Drj-1906,245,Market Building 245,320,316,1,637,49.61
Darjeeling,1906,Drj-1906,246,Anganwadi Centre 246,269,261,0,530,49.25
Darjeeling,1906,Drj-1906,247,Temple Hall 247,376,377,0,753,50.07
